레시피 코드,재료명,재료용량
195453,계란,5개
195453,전분,1/2T
195453,부침가루,1/2T
195453,소금,2t
195453,후추,1/2t
195453,참기름,1T
195453,밀가루,2CUP
195453,배추,2잎
195453,호박,1/2개
195453,대파,1대
195453,다짐육,200g
195453,콩비지,300g
195453,다진마늘,1T
195428,통깨,0.5T
195428,마요네즈,1T
195428,설탕,0.5T
195428,식초,0.5T
195428,두부,2.5T
195428,소금,약간
195428,참기름,약간
195428,통깨,약간
195428,김밥용김,2장
195428,어린잎채소,약간
195428,가지,1/2개
195428,당근,1/2개
195428,밥,3공기
195428,오이,1/2개
180363,설탕,1+1/2T
180363,통깨,약간
180363,식초,2T
180363,고추장,2T
180363,소금,약간
180363,쪽파,15대
180363,중새우,15마리
180344,양파,1/8개
180344,방울토마토,15알
180344,밥,1공기
180344,물,280ml
180344,셀러리,1대
180344,후추,약간
180344,햄,50g
180344,달걀,2개
180344,카레가루,3T
180330,식빵,5쪽
180330,마요네즈,1T
180330,꿀,1/2T
180330,달걀노른자,1개
180330,우유,1cup
180330,고구마,2개(大)
180330,소금,약간
180330,건블루베리,1/2T
120476,후추,약간
120476,다진마늘,1/2T
120476,들기름,1T
120476,통깨,약간
120476,소금,3t
120476,버섯,4개
120476,두부,1/2모
120476,당면,한줌
120476,당근,1/6개
120476,다짐육 소고기,100g
120476,다짐육(돼지고기),100g
120476,다진생강,2t
120476,간장,1T
120476,달걀,1개
120476,미나리,10줄기
120476,배추,10장
120463,부침가루,6T
120463,양파,1/3개
120463,감자,2개
120463,당근채,약간
120463,당근잎,약간
120463,소금,약간
120441,고춧가루,2T
120441,들기름,1T
120441,설탕,1/2T
120441,다진마늘,2T
120441,무,1/3개
120441,양파,1/2개
120441,단호박,1개
120441,간장,1T
120441,된장,1T
120441,고추장,1T
120441,쌀뜨물,4컵
120441,고등어,2마리
120441,청양고추,2개
120441,홍고추,1개
120419,매실액,3T
120419,통깨,약간
120419,참기름,2T
120419,고추,1개
120419,라이스페이퍼,10장
120419,연어살,200g
120419,무채,50g
120419,고사리,50g
120419,도라지,50g
120419,콩나물,50g
120419,시금치,50g
120401,애호박,1개
120401,어린잎채소,100g
120401,식용유,약간
120401,간장,2T
120401,맛술,2T
120401,통깨,약간
120401,다진마늘,0.5T
120401,식초,0.5T
120401,청양고추,1개
120401,대파,1/2대
120401,참기름,약간
120401,올리브유,1T
120379,양파,1/2개
120379,단무지,50g
120379,아몬드,16알
120379,견과류,약간
120379,마요네즈,1T
120379,꿀,1T
120379,허브솔트,약간
120379,소금,2t
120379,허니머스타드,0.5T
120379,식초,1T
120379,황설탕,0.5T
120379,백오이,2개
120379,참치캔,1캔(100g)
120379,삶은계란,1개
120360,아몬드,2알
120360,다진고추,1T
120360,매실액,1T
120360,굴소스,2T
120360,쪽파,약간
120360,에멘탈 치즈가루,1컵
120360,두부,1/2모
120360,가지,1개
120360,굴소스,1T
120344,설탕,1T
120344,통깨,1/2T
120344,다진마늘,1T
120344,고춧가루,1T
120344,간장,1/2T
120344,까나리액젓,1T
120344,쪽파,1/2대
120344,깻잎,30장
120344,홍고추,1개
91023,설탕,1컵
91023,물,1컵
91023,간장,1.5컵
91023,식초,1컵
91023,고추,180g (약2줌)
91010,탄산수,700ml
91010,얼음,20큐브
91010,설탕,1T
91010,허브,한줌
91010,라임,2개
90997,슬라이스치즈,3장
90997,마요네즈,4T
90997,슬라이스햄,3장
90997,모닝빵,6개
90997,토마토,2개
90997,어린잎채소,2줌
90997,허니머스타드,2T
90980,설탕,1t
90980,통깨,조금
90980,식초,3T
90980,된장,1t
90980,고춧가루,2.5T
90980,대파,1/2대
90980,청고추,1개
90980,홍고추,1개
90980,양파,1/2개
90980,둥근호박,1/3개
90960,통깨,조금
90960,양파,조금
90960,쪽파,2대
90960,다진마늘,1T
90960,풋고추,1개
90960,소금,조금
90960,쌈장,1T
90960,밥,2인분
90960,호박잎,20장
90960,가지,1개
90960,간장,2T
90941,와사비,약간
90941,후추,약간
90941,설탕,1.5T
90941,식초,1.5T
90941,고추장,3T
90941,오징어,2마리
90941,양파,1개
90941,고추,4개
90941,당근,반개
90941,오이,1개
90941,쑥갓,약간
90941,치커리,약간
90941,상추,약간
90920,가지,2개
90920,올리브오일,약간
90920,후추,약간
90920,소금,약간
90920,파마산치즈가루,2T
90920,양파,1/2개
90920,토마토소스,200g
90920,파슬리가루,약간
90920,피자치즈,1컵
90920,다진마늘,1/2T
90920,우유,4T
90904,가지,2개
90904,양파,1/2개
90904,홍고추,1개
90904,청고추,1게
90904,대파,1/2단
90904,다진마늘,1T
90904,고춧가루,2T
90904,들기름,1/2T
90904,간장,1T
90904,소금,약간
90904,후추,약간
90894,소금,약간
90894,고구마잎,100g
90894,다진마늘,1/2T
90894,다진대파,1T
90894,깨소금,1t
90894,참기름,1t
90881,후추,약간
90881,허니머스타드,1T
90881,소금,약간
90881,마요네즈,1T
90881,노각,1/2개
90881,닭가슴살,2쪽
90881,호박,1개
90868,다진마늘,1T
90868,방울토마토,6개
90868,미니새송이버섯,400g
90868,다진쪽파,약간
90868,바질,약간
90868,소금,1/4t
90868,올리브유,약간
90846,소금,2T
90846,물,10컵
90846,파뿌리,3개
90846,양파,1/2개
90846,밥,1T
90846,무,작은토막 1개
90846,깐밤,3개
90846,소금,1T
90846,오이,4개
90846,파프리카,1/4개
90846,파프리카,1/4개
90846,생강,1개
90834,고춧가루,1T
90834,멸치액젓,1T
90834,매실액,1T
90834,다진마늘,1t
90834,돛나물,20g
90834,부추,20g
90834,오이,2개
90834,양파,소1/2
90818,소금,조금
90818,사과,20g
90818,가지,1개
90818,소고기,100g
90818,무순,20g
90818,당근,20g
90818,버섯,20g
90818,버터,조금
90799,바질,50g
90799,잣,1T
90799,다진마늘,1/2T
90799,올리브오일,4T
90799,파마산치즈가루,1T
153,식용유,약간씩
153,소금,약간씩
153,참기름,약간씩
153,잣가루,약간씩
536,후추,약간씩
90799,후추,약간
90799,후추,약간
90799,소금,약간
90799,다진마늘,1T
90799,화이트와인,1/2T
90799,새우,12마리
90799,스파게티면,200g
90799,소금,약간
90799,올리브오일,1T
73712,찹쌀가루,1T
73712,밀가루,200g
73712,들깨가루,1컵
73712,올리브유,1T
73712,소금,1.5t
73712,물,6컵
73712,육수용 무,1토막
73712,국물용 다시마,5*5cm 3조각
73712,국물용멸치,15마리
73712,육수용 대파,1/2개
73712,시금치,3뿌리
73699,모짜렐라치즈,100g
73699,슬라이스치즈,1장
73699,전분,조금
73699,옥수수,조금
73699,무지개고추,1개
73699,파프리카,1/3개
73699,단호박,작은거1개
73679,낙지,1마리
73679,절인 배추,1통
73679,고춧가루,1컵
73679,감동젓,100g
73679,다진마늘,1/2큰술
73679,다진생각,1작은술
73679,설탕,2큰술
73679,소금,2큰술
73679,생굴,1/2컵
73679,실파,100g
73679,미나리,100g
73679,밤,7개
73679,배,1개
73679,무,1개
73679,북어,1마리
62330,절인 배추,1포기
62330,생강,1톨
62330,잣,1/2큰술
62330,대추,4개
62330,생굴,100g
62330,낙지다리,100g
62330,밤,4개
62330,배,1/2개
62330,미나리,50g
62330,실파,30g
62330,갓,80g
62330,소금,1큰술
62330,새우젓,1/2컵
62330,고춧가루,1컵
62330,마늘,6쪽
62330,무,200g
39692,돼지갈비,1.2kg
39692,시래기,200g
39692,후추,약간
39692,소금,1작은술
39692,다진생강,1작은술
39692,다진마늘,1큰술
39692,다진양파,2큰술
39692,다진대파,3큰술
39692,사과즙,3큰술
39692,배즙,2큰술
39692,청주,3큰술
39692,간장,3큰술
39692,멸치다시마육수,2컵
39692,고춧가루,5큰술
39692,고추장,5큰술
39665,양파,1/4개
39665,대파,1대
39665,참쌀,1컵(170g)
39665,인삼,1뿌리
39665,땅콩,20알
39665,소금,약간
39665,닭,1마리
39665,잣,3~5알
39665,통후추,5알
39665,대추,3개
39665,검은깨,1/2컵(55g)
5836,쇠고기안심,300g
5836,소금,1/2큰술
5836,양파,1개
5836,감자,1개
5836,당근,1/2개
5836,피망,1/2개
5836,양송이버섯,5개
5836,식용유,약간
5836,후추,약간
5836,칠리,3개
5836,다진마늘,1큰술
5836,물,2.5컵
5836,월계수잎,2장
5836,바질,1/2작은술
5836,토마토페이스트,3큰술
5836,토마토,5개
540,감자,2개
540,오이,1/3개
540,플레인요구르트,3큰술
540,맛살,2줄
540,양배추,1/6개
540,양파,1/4개
540,햄,1/3개
539,고구마,3개
539,녹색피망,1/4개
539,파프리카,1/4개씩
539,양파,1/4개
539,마요네즈,4큰술
539,당근,1/4개
539,브로콜리,약간
538,단호박,1/4개
538,마요네즈,3큰술
538,사과,1/2개
538,오이,1/3개
538,달걀 ,1개
537,포도씨유,2-3T
537,볶은소금,1t
537,맛간장,1T
537,마늘,2통
537,새송이버섯,2-3개
537,깨소금, 
536,가지,2개
536,파프리카,1개씩
536,올리브유,적당량
536,굵은소금,약간씩
535,상추, 
535,양념장, 
534,양파,1/2개
534,도라지, 
534,오이,1개
533,소금,약간
533,브로콜리,1송이
533,오징어,1마리
532,진밥,50g
532,두부,15g
532,적양배추,10g
532,치즈,6g
532,멸치다시마육수,80g
531,표고버섯,10g
531,감자,10g
531,된장소스,2g
531,양파,3g
531,당근,2g
531,멥쌀,35g
531,찹쌀,5g
531,시금치,10g
530,진밥,30g+5g
530,당근,2g
530,닭가슴살,20g
530,가지,10g
530,애호박,7g
530,양파,3g
529,쇠고기,15g
529,브로콜리,10g
529,감자,8g
529,느타리버섯,4g
529,양파,3g
529,당근,2g
529,찹쌀,5g
529,멥쌀,30g
528,흰살생선,15g
528,양파,8g
528,치즈,5g
528,감자,3g
528,당근,2g
528,물, 
528,멥쌀,20g
528,찹쌀,5g
527,고구마,15g
527,당근,10g
527,사과,10g
527,물,150ml
527,양파,3g
527,멥쌀,20g
527,찹쌀,5g
527,브로콜리,5g
526,닭가슴살,20g
526,비트,5g
526,우유,적당량
526,양파,10g
526,대파 대, 
526,멥쌀,30g
525,쌀,20g
525,닭가슴살,20g
525,청경채,10g
525,닭육수,300ml정도
525,당근,3g
525,애호박,5g
525,양파,3g
524,멥쌀,25g
524,찹쌀,5g
524,양송이,10g
524,치즈,5g
524,당근,8g
524,양파,3g
524,밤,10g
523,흑임자,15g
523,표고,4g
523,애호박,6g
523,찹쌀,5g
523,양파,3g
523,쌀,25g
523,당근,5g
522,쇠고기,20g
522,아욱,10g
522,감자,10g
522,느타리버섯,5g
522,멸치육수, 
522,당근,2g
522,멥쌀,25g
522,찹쌀,5g
522,양파,5g
521,쌀,15g
521,불린 찹쌀,5g
521,물,120~130ml
521,당근,10g
521,쇠고기,10g
520,쌀,10g
520,물,120ml
520,단호박,10g
520,불린 흑미,3g
519,쌀,10g
519,불린 찹쌀,5g
519,생수,1/2컵
519,배,15g
519,밤,1개
518,쌀,15g
518,당근,10g
518,양송이,8g
517,사골육수,120ml
517,청경채,10g
517,쇠고기,15g
517,멥쌀,15g
516,멥쌀,15g
516,찹쌀,10g
516,사골육수,120ml
516,배,10g
516,시금치,10g
515,단호박,20g
515,브로콜리,15g
515,생수, 
515,찹쌀,5g
515,멥쌀,15g
514,쌀,15g
514,사골육수,120ml
514,애호박,10g
514,쇠고기,10g
513,쌀,15g
513,물,반컵
513,오이,10g
512,쌀,15g
512,생수,140cc
512,양배추,10g
511,쌀,10g
511,생수,120ml
511,감자,5g
510,쌀,15g
510,물,120cc
510,사과,10g
509,당근,10g
509,쌀,20g
508,쌀,20g
508,생수,반컵
508,고구마,10g
507,애호박,10g
507,쌀,20g
506,불린 찹쌀,10g
506,쌀,20g
505,쌀,10g
505,물,2/3컵
505,비트,5g
504,쌀,10g
504,생수,350g
504,브로콜리,10g
503,단호박,20g
503,쌀,25g
502,배,10g
502,쌀,30g
501,생수,1/2컵
501,쌀,10g
500,올리브오일,3g
500,후춧가루,약간
500,당근,2g
500,샐러리,2g
500,쌀,60g
500,화이트와인,10g
500,완두콩,3g
500,닭육수,130ml
500,페퍼론치노,1개
500,사라다나,2포기
500,치커리,1포기
500,마늘,1쪽
500,로즈마리,1줄기
500,낙지,1마리
500,이태리파슬리,1줄기
500,토마토,1/3개
500,파프리카,1/5개
500,차이브 생잎,약간
500,소금,약간
500,양파,3g
499,돼지볼살,60g
499,스파게티면,100g
499,양파,10g
499,계란,1개
499,그라나 빠다노,10g
499,우유,50g
499,이태리파슬리,2줄기
499,후추,적당량
499,소금,적당량
499,생크림,300g
498,송어,1마리
498,양상추, 
498,무순, 
498,파인애플, 
498,오이, 
498,토마토, 
498,파슬리, 
497,잉어,1마리
497,콩나물,200g
497,미나리,50g
497,계란,1개
497,홍고추,2개
497,고춧가루,3큰술
497,참기름,약간
497,다진마늘,1과1/2큰술
497,된장,1과1/2큰술
497,물엿,1/2큰술
497,생강,약간
497,후춧가루,약간
497,고추장,3큰술
496,메기,1마리
496,무,100g
496,대파,1뿌리
496,마늘,2쪽
496,생강,1쪽
496,쑥갓,50g
496,고추장,1작은술
496,식용유,1큰술
496,소금,약간
496,후춧가루,약간
496,물,4컵
496,고춧가루,1큰술
495,설탕,1큰술
495,식초,2큰술
495,냉면육수,3큰술
495,깨소금,약간
495,냉면,300g
495,계란,1개
495,방울토마토,2개
495,샐러드채소,약간
495,무,1/3개
495,배합초,2작은술
495,설탕,3큰술
495,식초,3큰술
495,물,약간
495,간장,1/2작은술
495,고추장,1과1/2작은술
495,다진마늘,1/2큰술
495,다진대파,1작은술
495,물엿,1큰술
494,미소,1과1/2큰술
494,두부,1/2모
494,간장,약간
494,팽이버섯,약간
494,실파,약간
494,다시마,약간
493,배추김치,1/2포기
493,꽁치,1캔
493,무,1/3개
493,간장,약간
493,마늘,5톨
493,김칫국물,1/2물
493,대파,1뿌리
492,떡국떡,50g
492,만두피,15장
492,구운김,1장
492,대파,1/2뿌리
492,다진마늘,2큰술
492,청정원맛선생,약간
492,국간장,1큰술
492,참기름,약간
492,만두피,12장
492,다짐육(돼지고기),100g
492,배추김치,100g
492,숙주,50g
492,두부,1모
492,파,1/3뿌리
492,계란,1개
491,미니파프리카,1팩
491,오이,2개
491,당근,1/2개
491,브로콜리,1/2개
491,양배추,1/4통
491,식초,1/2컵
491,발효초,2와1/2컵
491,설탕,1컵
491,소금,4큰술
491,통후추,20알
491,물,2와1/2컵
490,플레인요구르트,4개
490,발효초,10큰술
490,꿀,1큰술
490,후르츠칵테일,약간
490,초콜릿,약간
489,식초,4큰술
489,설탕,1큰술
489,간장,1작은술
489,참기름,약간
489,다진마늘,1작은술
489,고추장,2큰술
489,쫄면,120g
489,오이,1/2개
489,파프리카,1/2개
489,깻잎,5장
489,새싹채소,약간
489,물엿,1작은술
488,우동면,100g
488,참기름,약간
488,배추김치,1/8포기
488,쑥갓,약간
488,김,약간
488,시판용장국,1컵
488,물,3~4컵
488,고춧가루,1작은술
488,국간장,약간
488,소금,약간
488,후춧가루,약간
488,맛술,약간
488,설탕,1/2작은술
488,식초,1/2작은술
488,고춧가루,약간
488,새우,4마리
487,두부,1팩
487,계란,1개
487,청정원맛선생,2큰술
487,고춧가루,1~2큰술
487,깨소금,약간
487,양파,1/2개
487,미더덕,약간
487,바지락,약간
487,잔새우,약간
487,다시마,1장
487,멸치,한줌
487,참기름,약간
486,대하,12마리
486,홍고추,1개
486,미더덕,50g
486,바지락,1봉
486,꽃게,3마리
486,무,50g
486,양파,1개
486,청고추,1개
486,다시마,1장
486,미나리,50g
486,쑥갓,30g
486,고춧가루,5큰술
486,국간장,4큰술
486,맛술,3큰술
486,다진마늘,2큰술
486,다진생강,1큰술
486,후춧가루,약간
486,소금,약간
486,참기름,약간
486,오징어,1마리
485,청주,1작은술
485,간장,1작은술
485,홍고추,1/2개
485,참기름,약간
485,올리브오일,1큰술
485,청고추,1/2개
485,양파,1/2개
485,표고버섯,2장
485,피망,1/2개
485,마늘,5톨
485,새송이버섯,4개
485,쌈장,2큰술
485,물,2큰술
485,쪽파,2뿌리
485,다진마늘,1작은술
485,설탕,1/3작은술
484,파프리카,1/4개
484,팽이버섯,약간
484,새우,30g
484,오징어,50g
484,바지락,30g
484,날치알,약간
484,파프리카,1/4개
484,소금,약간
484,후춧가루,약간
484,굴소스,3큰술
484,밥,2공기
484,참기름,약간
484,청주,2큰술
483,양배추,1/4통
483,새우,30g
483,실파,30g
483,베이컨,4장
483,굴소스,약간
483,가쓰오부시,약간
483,양파,1/3개
483,팽이버섯,30g
483,소금,약간
483,후춧가루,약간
483,밀가루,3컵
483,다시물,2컵
483,계란,2개
483,마요네즈,약간
482,두부,1모
482,청고추,1개
482,홍고추,1개
482,소금,약간
482,굴소스,4큰술
482,물,1/3컵
482,참기름,약간
482,다진마늘,1작은술
481,묵은김치,1/2포기
481,돼지고기안심,50g
481,청정원국선생,500ml
481,표고버섯,3개
481,식용유,약간
481,청고추,1개
481,후춧가루,약간
481,맛술,3큰술
481,대파,1대
480,홍합,50g
480,모시조개,1봉
480,무,1/4개
480,홍고추,1개
480,대파,2뿌리
480,미나리,50g
480,고춧가루,1큰술
480,다진마늘,2큰술
480,다진생강,1큰술
480,고추장,1작은술
480,소금,약간
480,후춧가루,약간
480,다시마,1장
480,청고추,1개
480,쭈꾸미,2마리
480,간장,3큰술
480,오징어,1/2마리
480,새우,8마리
480,양파,1/2개
479,청고추,4개
479,홍고추,3개
479,오이,1개
479,당근,1/3개
479,새우,6마리
479,참기름,약간
479,후춧가루,약간
479,굴소스,3큰술
479,꽃빵,4개
479,새송이버섯,1개
479,청주,1작은술
479,포도씨유,약간
478,포도씨유,약간
478,두부,반모
478,파프리카,2개
478,식초,약간
478,소금,약간
478,후춧가루,약간
478,간장,약간
478,칵테일새우,30g
477,참치통조림,1캔
477,당근,1/3개
477,감자,1개
477,표고버섯,2장
477,쌀,1컵
477,애호박,1/3개
477,국간장,약간
477,깨소금,약간
477,실파,2줄기
477,물,5컵
477,다시마,1장
477,참기름,약간
476,닭,500g
476,맛술,2큰술
476,맛술,3큰술
476,소금,약간
476,후춧가루,약간
476,호두,20g
476,계란,1개
476,녹말가루,6큰술
476,튀김가루,4큰술
476,카레가루,1큰술
476,고추장,3큰술
476,토마토케찹,4큰술
476,물엿,1큰술
476,꿀,1큰술
476,물,4큰술
476,식초,3큰술
476,다진마늘,2큰술
476,고추기름,2큰술
476,우유,1/2컵
475,다진마늘,1/2작은술
475,물,5컵
475,국간장,1큰술
475,소금,약간
475,후춧가루,약간
475,밀가루,2컵
475,물,5큰술
475,된장,2큰술
475,표고버섯,2개
475,감자,1개
475,대파,1/2대
475,양파,1/4개
475,청고추,1/4개
475,홍고추,1/4개
475,국물용멸치,10마리
475,참기름,1작은술
474,닭가슴살,3쪽
474,양상추,2장
474,겨자잎,2장
474,양파,1/2개
474,당근,1/4개
474,오이,1/3개
474,마른고추,1개
474,허니머스터드,2큰술
474,레몬즙,2큰술
474,설탕,2큰술
474,소금,약간
474,청주,2큰술
474,다진마늘,1큰술
474,오렌지,1개
473,비트,1개
473,절임무,1팩
473,오이,1/2개
473,게맛살,2개
473,파프리카,1개
473,햄,6장
473,레몬즙,1큰술
473,계란,2개
473,땅콩버터,2와1/2큰술
473,꿀,1큰술
473,설탕,1큰술
473,식초,1과1/2큰술
473,깨소금,1큰술
473,무순,1팩
472,돼지등갈비,1대
472,샐러리,1개
472,양파,1/2개
472,마늘,2쪽
472,후춧가루,약간
472,레드와인,1T
472,올리브오일,2T
472,소금,약간
472,바베큐소스,2T
471,부추,100g
471,올리브오일,3큰술
471,다진대파,1큰술
471,다진마늘,1/2큰술
471,통깨,1작은술
471,식초,1큰술
471,고춧가루,1/2큰술
471,설탕,1/2큰술
471,간장,1큰술
470,팽이버섯,30g
470,식용유,2큰술
470,청피망,1/2개
470,홍피망,1/2개
470,간장,1큰술
470,표고버섯,3장
470,다진마늘,1/2작은술
470,참기름,1/2작은술
470,소금,약간
470,후춧가루,약간
470,느타리버섯,60g
470,설탕,1/2작은술
469,가지,2개
469,부추,20g
469,다진대파,1큰술
469,다진마늘,1/2큰술
469,소금,1큰술
469,고춧가루,1큰술
469,액젓,2/3큰술
469,설탕,1작은술
469,다진생강,1작은술
468,상추,4장
468,미소된장,2큰술
468,실파,약간
468,가다랑어포,한줌
468,두부,1/4모
468,다시마,1장
467,파스타,200g
467,생크림,1과1/2컵
467,양파,1/2개
467,후춧가루,약간
467,다진마늘,1작은술
467,베이컨,6장
467,우유,1/2컵
467,버터,2큰술
467,소금,약간
466,멥쌀가루,5컵
466,물,4~5큰술
466,소금,약간
466,단호박,1/3개
466,녹두,1컵
466,설탕,3~4큰술
465,토란탕,2컵
465,표고버섯,6장
465,닭고기,200g
465,우엉,1/4대
465,당근,1개
465,식용유,약간
465,맛술,1큰술
465,설탕,약간
465,생강즙,약간
465,청주,약간
465,간장,3큰술
464,시금치,100g
464,도라지,100g
464,고사리,100g
464,고기산적,100g
464,소스,레시피로 만듬
464,깻잎,4장
464,양파,1/2개
464,오이,1/2개
464,라이스페이퍼,1팩
464,당근,1/2개
463,소꼬리,5토막
463,사골,100g
463,마늘,10쪽
463,대파,적당량
463,밤,5톨
463,청양고추,2개
463,대추,10개
462,소금,약간
462,버터,약간
462,샐러드오일,약간
462,통후추,약간
462,대하,3마리
462,아스파라거스,2개
462,새송이버섯,1개
462,느타리버섯,2개
462,애호박,1/2개
462,가지,1/2개
462,감자,1개
462,마늘,3쪽
462,타임,2줄기
462,바질,2잎
462,와사비,약간
461,전어,3마리
461,무,20g
461,미나리,20g
461,청고추,1개
461,콩가루,1큰술
461,고춧가루,1/2큰술
461,양파,20g
461,고추장,1/2큰술
461,다진마늘,1큰술
461,설탕,1큰술
461,전어젓,약간
461,통깨,약간
461,식초,2큰술
460,날콩가루,100g
460,밀가루,100g
460,닭,1마리
460,소금,적당량
460,통파,1대
460,생강,적당량
460,오이,1/4개
460,닭발,2개
459,서리태콩,1컵
459,소면,150g
459,참깨,1큰술
459,오이,1/4개
459,토마토,1/4개
459,소금,약간
458,콩,각 100g
458,깨,3큰술
458,잣,1큰술
458,소금,약간
458,식빵,1장
458,버터,약간
458,후춧가루,약간
458,호두,2알
457,우무,40g
457,콩,500g
457,깨,2큰술
457,소금,약간
457,생수,2컵
457,오이,1/2개
457,잣,4큰술
456,메주콩,500g
456,녹차국수,200g
456,오이,1개
456,소금,약간
456,물,1컵
456,멸치육수,3컵
456,방울토마토,2개
455,대파,1/2뿌리
455,홍고추,1개
455,통깨,약간
455,멸치액젓,2작은술
455,시금치,1/2단
455,물,2컵
455,소금,약간
455,참기름,약간
454,죽순,1개
454,미나리,5줄기
454,계란,1개
454,쌀뜨물,4컵
454,초고추장,1큰술
454,설탕,1작은술
454,식초,2작은술
454,홍고추,1개
453,전복,1개
453,쌀,1컵
453,물,6컵
453,김,약간
453,소금,약간
453,깨소금,약간
453,실파,약간
453,참기름,약간
452,쌀,1컵
452,새우,200g
452,물,6컵
452,참기름,약간
452,소금,약간
451,낙지,1마리
451,모시조개,10개
451,배추,4잎
451,참기름,1큰술
451,소금,1/2컵
451,청고추,1/2개
451,홍고추,1/2개
451,소금,약간
451,대파,1/2뿌리
451,다진마늘,1/2큰술
450,시금치,20g
450,계란,3개
450,올리브오일,2큰술
450,소금,약간
450,게맛살,2개
449,돼지갈비,1kg
449,다진마늘,1큰술
449,마늘,5쪽
449,건고추,5개
449,올리브오일,2큰술
449,화이트와인,1/2컵
449,물,1컵
449,소금,약간
449,후춧가루,약간
449,레몬,1개
448,파프리카,3개
448,찬밥,1과1/2공기
448,감자,1/2개
448,호박,1/4개
448,올리브오일,3큰술
448,양파,1/2개
448,당근,1/4개
448,소금,약간
448,후춧가루,약간
448,피망,1/4개
447,배,1/2개
447,양파,50g
447,마늘,20g
447,생강,10g
447,고운소금,30g
447,굵은소금,약간
447,붉은갓,50g
447,삭힌고추,3개
447,물,2.5L
447,무,1개
446,깻잎,5묶음
446,밤,10개
446,홍고추,50g
446,청고추,50g
446,다진마늘,60g
446,대추,10개
446,물,2컵
446,양파,1/2개
446,다진생강,1쪽
446,멸치,10마리
446,멸치액젓,3/4컵
446,설탕,1컵
446,대파,30g
445,멸치,한줌
445,다시마,1장
445,표고버섯,1장
445,애호박,1/4개
445,청고추,1개
445,홍고추,1/2개
445,두부,1/2모
445,콩된장,50g
445,고춧가루,1작은술
445,다진마늘,1작은술
445,대파,1/2뿌리
445,참기름,약간
444,근대,200g
444,소고기,30g
444,다진마늘,1큰술
444,멸치,한줌
444,고춧가루,1작은술
444,된장,1작은술
444,고추장,1/2큰술
444,대파,1/4뿌리
443,고구마,2개
443,설탕시럽,1/2컵
443,식용유,적당량
443,호박씨,10g
443,건포도,10g
442,메주콩,5되
442,멥쌀,5되
442,엿기름,1컵
442,고춧가루,4되
442,소금,4되
442,찹쌀가루,4되
441,소금,1kg
441,메주,4덩어리
440,메주콩,반말
440,소금,2kg
440,숯,2덩이
440,건고추,5개
440,물,25L
439,물,1컵
439,설탕,15g
439,양파,70g
439,마늘,30g
439,생강,10g
439,미나리,70g
439,정종,1큰술
439,열무,250g
439,얼갈이배추,250g
439,굵은소금,10g
439,청고추,25g
439,홍고추,25g
439,쪽파,15g
439,물,7컵
439,꽃소금,20~25g
439,밀가루,2큰술
438,깻잎,20장
438,간장,1큰술
438,물,1큰술
438,들기름,1큰술
438,청고추,1/2개
438,홍고추,1/2개
438,조청,약간
437,쌀국수,70g
437,통계피,1토막
437,대파,1뿌리
437,쇠고기,30g
437,청고추,1개
437,피쉬소스,1큰술
437,고수잎,약간
437,소금,약간
437,한우뼈,400g
437,소꼬리,2토막
437,양파,1개
437,생강,2개
437,팔각,1개
437,정향,3개
437,숙주나물,70g
436,우동면,150g
436,양파,1/4개
436,청고추,1/2개
436,홍고추,1/2개
436,다진마늘,1작은술
436,버터,10g
436,숙주나물,30g
436,굴소스,1큰술
436,간장,1큰술
436,맛술,1큰술
436,간생강,1작은술
435,수삼,1뿌리
435,크림치즈,3큰술
435,양상추,3잎
435,마요네즈,3큰술
435,적채,약간
435,치커리,50g
435,래디쉬,2개
434,햄,10g
434,양파,1/4개
434,청피망,1/2개
434,홍피망,1/2개
434,후춧가루,약간
434,치즈,2장
434,파슬리가루,적당량
434,소금,약간
434,밥,1공기
433,잔멸치,50g
433,간장,2큰술
433,설탕,1큰술
433,밥,2공기
433,깨소금,약간
433,치즈,8장
433,식용유,약간
432,새우,5마리
432,석이버섯,10g
432,팽이버섯,30g
432,오이,1/3개
432,당근,50g
432,양상추,50g
432,소금,1작은술
432,무순,30g
432,배,1/4개
432,겨자,1큰술
432,식초,2큰술
432,설탕,1큰술
432,부추,50g
431,갈치,4토막
431,물엿,2큰술
431,애호박,1/2개
431,당근,1/4개
431,대파,1개
431,양파,1/2개
431,홍고추,1개
431,청고추,1개
431,고춧가루,2큰술
431,고춧가루,1큰술
431,설탕,1큰술
431,다진생강,2작은술
431,다진마늘,1큰술
431,정종,1큰술
431,된장,2작은술
431,후춧가루,약간
431,소금,약간
431,간장,2큰술
431,무,1/3개
430,갈치,1마리
430,소금,1작은술
430,밀가루,2큰술
430,레몬,1개
430,후춧가루,1작은술
429,고등어,1마리
429,소금,약간
429,애호박,1/2개
429,당근,1/4개
429,대파,1개
429,양파,1/2개
429,홍고추,2개
429,풋고추,2개
429,팽이버섯,1/2팩
429,간장,2큰술
429,고춧가루,2큰술
429,고춧가루,1큰술
429,설탕,1큰술
429,물엿,2큰술
429,생강,2작은술
429,마늘,1큰술
429,정종,1큰술
429,된장,2큰술
429,후춧가루,약간
429,무,1/3개
428,정종,2큰술
428,청고추,2개
428,마늘,5쪽
428,참기름,2작은술
428,깨소금,1큰술
428,물엿,2큰술
428,고등어,1/2마리
428,간장,3큰술
428,고춧가루,2큰술
428,고춧가루,1큰술
428,대파,1개
428,양파,1개
428,실파,3개
428,홍고추,2개
428,생강,1개
427,애호박,60g
427,고추장,약간
427,도라지,60g
427,숙주,60g
427,시금치,60g
427,고사리,60g
427,상추,6잎
427,육회,60g
427,계란,2개(후라이)
427,다진대파,약간
427,다진마늘,약간
427,깨소금,약간
427,후춧가루,약간
427,참기름,약간
427,설탕,약간
427,취나물,60g
426,쇠고기,150g
426,멸치육수,1컵
426,당근,1/4개
426,양파,1/2개
426,홍고추,1개
426,콩나물,50g
426,애호박,1/3개
426,팽이버섯,약간
426,쑥갓,약간
426,간장,2큰술
426,설탕,1큰술
426,다진대파,약간
426,다진마늘,약간
426,고춧가루,2큰술
426,고추장,1큰술
426,생강즙,약간
426,깨소금,약간
426,후춧가루,약간
426,낙지,2마리
425,무말랭이,2컵
425,다진대파,1큰술
425,다진마늘,1큰술
425,간장,1큰술
425,설탕,2큰술
425,깨소금,1큰술
425,멸치액젓,1큰술
425,고춧가루,1/2큰술
425,고추장,1큰술
424,쌈다시마,8장
424,오징어,1마리
424,게맛살,2줄
424,오이,1개
424,파프리카,1/2개
424,초고추장,약간
424,홍피망,1/2개
423,고춧가루,1/2큰술
423,정종,2큰술
423,설탕,2큰술
423,다시물,1/2컵
423,우엉,100g
423,돼지고기,100g
423,간장,3큰술
423,생강즙,약간
422,상추,4장
422,밥,1그릇
422,다짐육 소고기,100g
422,양파,1/2개(다진)
422,간장,1큰술
422,고추장,약간
422,파,약간(다진)
422,다진마늘,약간
422,깨소금,약간
422,참기름,약간
422,설탕,1/2큰술
421,양파,2개
421,다짐육 소고기,50g
421,두부,1/4모
421,다진대파,1작은술
421,다진마늘,1작은술
421,홍고추,1/2개
421,소금,약간
421,참기름,약간
421,후춧가루,약간
421,밀가루,약간
421,계란,1개
421,깨소금,약간
420,봄동,100g
420,영양부추,1/4단
420,고춧가루,3큰술
420,까나리액젓,2큰술
420,깨소금,약간
420,다진마늘,1작은술
420,다진대파,1큰술
420,다진생강,1/2작은술
420,참기름,약간
420,새우젓,1/2큰술
419,멸치육수,2컵
419,콩나물,50g
419,다진마늘,약간
419,다진대파,약간
419,홍고추,1/2개
419,국간장,약간
419,소금,약간
419,후춧가루,약간
419,북어,30g
418,통마늘,20쪽
418,식초,적당량
418,설탕,1/3컵
418,식초,1/2컵
418,진간장,5컵
418,설탕,1/2컵
418,멸치,1/2컵
417,대구살,200g
417,계란,1개
417,쑥갓,약간
417,식용유,적당량
417,후춧가루,약간
417,밀가루,약간
417,소금,약간
416,마늘,3쪽
416,배추,100g
416,파슬리,약간
416,양념,레시피참조
416,생굴,300g
416,배,약간
416,오이,반개
416,청고추,2개
416,홍고추,2개
416,실파,30g
416,생밤,4개
415,고등어,1마리
415,생강,1큰술
415,피망,1/2쪽
415,양파,1/2개
415,실파,3쪽
415,마늘,1쪽
415,멸치육수,1/2컵
415,설탕,11/2큰술
415,녹말가루,1큰술
415,간장,1/2큰술
415,토마토케찹,4큰술
414,쇠고기,100g
414,양파,1/2개
414,대파,1뿌리
414,표고버섯,1개
414,다진마늘,약간
414,간장,2큰술
414,밥,1공기
414,설탕,2/3큰술
414,소금,약간
414,참기름,약간
414,후춧가루,약간
414,깨소금,약간
414,맛술,1큰술
413,브로콜리,5개
413,베이컨,5장
413,채소,적당량
413,머스타드,약간
413,토마토케찹,약간
412,생대구,1/2마리
412,다시마,약간
412,가쓰오부시,약간
412,미나리,10g
412,청고추,1/2개
412,홍고추,1/2개
412,마늘,5쪽
412,소금,약간
412,팽이버섯,1/4봉
412,두부,1/4모
411,닭고기,500g
411,마늘,4쪽
411,대파,1뿌리
411,생강,1톨
411,미역,10g
411,밀가루,1컵
411,깨소금,약간
411,후춧가루,약간
411,국간장,2큰술
411,설탕,1작은술
411,다진대파,1/2큰술
411,다진마늘,약간
411,소금,약간
410,설탕,1/2컵
410,계피가루,1/2큰술
410,양파,5개
410,만두피,30장
410,식용유,적당량
410,물,1/2컵
409,닭,300g
409,간장,3큰술
409,계란,1/2개
409,녹말가루,4큰술
409,튀김가루,1큰술
409,마늘,1쪽
409,참기름,약간
409,건고추,2개
409,표고버섯,1개
409,피망,1/2개
409,고춧기름,3큰술
409,청주,2큰술
409,멸치육수,2/3컵
409,대파,1뿌리
408,단호박,1/2개
408,황설탕,1큰술
408,후춧가루,약간
408,소금,약간
408,버터,약간
407,돼지고기,200g
407,고추장,2큰술
407,고춧가루,2큰술
407,간장,1/2큰술
407,미림,25g
407,후춧가루,약간
407,다진마늘,약간
407,설탕,1/2큰술
407,물엿,1작은술
407,깨소금,약간
407,참기름,약간
407,다진대파,약간
406,녹두,1컵
406,쌀,2컵
406,설탕,약간
406,소금,약간
406,물,14컵
405,꽃게,3마리
405,간장,2컵
405,물,1컵
405,생강,1개
405,마늘,12쪽
405,청고추,4개
405,설탕,1큰술
405,채썬마늘,4큰술
405,채썬생강,2큰술
405,고춧가루,1큰술
405,참기름,1큰술
405,깨소금,약간
405,다진대파,4큰술
404,맛조개,6개
404,새우,3마리
404,당근,15g
404,팽이버섯,20g
404,표고버섯,1개
404,미나리,10g
404,곤약,15g
404,다시마,약간
404,가쓰오부시,약간
404,소금,약간
404,청주,약간
404,폰즈소스,약간
404,와사비,약간
404,깨소스,약간
404,낙지,12g
403,밀가루,1컵
403,쇠고기,200g
403,간장,2큰술
403,설탕,2큰술
403,참기름,약간
403,깨소금,약간
403,토마토케찹,2큰술
403,양파,1/2개
403,튀김기름,적당량
403,계란,1개
403,치자,약간
403,마늘,1쪽
403,피망,20g
403,후춧가루,약간
402,라면,1개
402,겨자,1/2큰술
402,계란,1개
402,꽃상추,3장
402,깻잎,5장
402,치커리,약간
402,양파,1/2개
402,고추장,1큰술
402,간장,1/2큰술
402,식초,1큰술
402,설탕,1큰술
402,깨소금,약간
402,후춧가루,약간
402,마늘,약간
402,쇠고기,100g
401,부추,1/4단
401,돼지고기,100g
401,양파,1개
401,청고추,1개
401,다진마늘,1큰술
401,홍고추,1개
401,굴소스,1과1/2큰술
401,소금,약간
401,참기름,약간
401,깨소금,약간
401,식용유,약간
401,다진생강,1작은술
400,오징어,1마리
400,양파,1/2개
400,홍고추,1/2개
400,양배추,1/4통
400,당근,20g
400,고추장,1큰술
400,참기름,약간
400,간장,1큰술
400,설탕,2/3큰술
400,다진대파,약간
400,다진마늘,약간
400,깨소금,약간
400,후춧가루,약간
400,고춧가루,1큰술
399,배추김치,1/4포기
399,참치,1캔
399,양파,1/2개
399,대파,1뿌리
399,홍고추,1/2개
399,청고추,1/2개
399,두부,1/4모
399,고춧가루,1작은술
399,소금,약간
399,참기름,약간
399,팽이버섯,1/2봉지
398,바게트,6쪽
398,훈제연어,6쪽
398,상추,6장
398,사워크림,약간
398,땅콩버터,약간
398,체리,약간
398,머스터드,약간
397,가래떡,250g
397,쇠고기,100g
397,마늘,1쪽
397,브로콜리,40g
397,고추장,2큰술
397,참기름,약간
397,설탕,1큰술
397,간장,1/2큰술
397,후춧가루,약간
397,깨소금,약간
397,물,1/2컵
397,고춧가루,1/2작은술
396,오징어,1마리
396,맛술,약간
396,모시조개,5개
396,배추김치,30g
396,대파,15g
396,홍고추,1/2개
396,쑥갓,약간
396,다진마늘,약간
396,생강,약간
396,간장,1큰술
396,고춧가루,1큰술
396,소금,약간
396,후춧가루,약간
396,청고추,1개
396,양파,1개
396,호박,1개
396,다진대파,약간
396,두부,1/2모
395,어묵,100g
395,양파,1/4쪽
395,피망,1/4쪽
395,마늘,2쪽
395,고춧가루,1큰술
395,배추김치,50g
395,설탕,1/2큰술
395,참기름,약간
395,깨소금,약간
395,식용유,약간
395,간장,1/2큰술
394,닭,50g
394,해파리,60g
394,오이,1/2개
394,홍고추,1/2개
394,레몬,1/6쪽
394,청고추,1/2개
394,참기름,1작은술
394,간장,1작은술
394,설탕,2큰술
394,꿀,2큰술
394,소금,약간
394,식초,4큰술
393,골뱅이,1개
393,표고버섯,2개
393,양파,1개
393,청피망,1/4개
393,홍피망,1/4개
393,마늘,2쪽
393,대파,약간
393,진간장,1큰술
393,깨소금,약간
393,참기름,약간
393,설탕,약간
393,녹말가루,2큰술
392,가지,1개
392,참기름,약간
392,소금,약간
392,간장,약간
392,설탕,약간
392,맛술,약간
392,깨소금,약간
392,머스터드,1/2큰술
392,마요네즈,2큰술
392,설탕,1/4큰술
392,밀가루,6큰술
392,계란,1개
392,빵가루,약간
392,후춧가루,약간
392,돼지고기,150g
391,배추김치,1/4포기
391,홍합,1/2컵
391,멸치,10마리
391,물,6컵
391,대파,1뿌리
391,마늘,약간
391,고춧가루,1/2큰술
391,소금,약간
391,홍고추,1개
390,마늘,5쪽
390,대파,10g
390,고추기름,1큰술
390,간장,2큰술
390,청주,1큰술
390,멸치육수,2/3컵
390,녹말가루,1큰술
390,참기름,1큰술
390,홍고추,1개
390,계란,1개
390,다진대파,약간
390,소금,약간
390,돼지고기,300g
390,표고버섯,2개
390,피망,1/2개
390,생강즙,약간
389,참치,1/2캔
389,양파,15g
389,당근,10g
389,오이,20g
389,양상추,40g
389,적채,10g
389,설탕,1/4큰술
389,소금,약간
389,머스터드,약간
389,토마토케찹,약간
389,마요네즈,2큰술
388,조기,1마리
388,홍고추,2개
388,감자,1개
388,양파,1/2개
388,물,1컵
388,청고추,2개
388,대파,1뿌리
388,마늘,5쪽
388,고추장,3큰술
388,고춧가루,1큰술
388,참기름,1큰술
388,생강즙,1작은술
388,소금,약간
388,후춧가루,약간
388,무,150g
387,밀가루,1컵
387,설탕,약간
387,계란,2개
387,실파,1컵
387,쇠고기,100g
387,생굴,50g
387,홍합,100g
387,조갯살,100g
387,잔새우,100g
387,다진마늘,1큰술
387,식용유,약간
387,다진대파,1큰술
387,소금,약간
387,후춧가루,약간
387,깨소금,약간
387,참기름,약간
387,고춧가루,약간
387,식초,약간
387,쌀가루,3큰술
386,표고버섯,20g
386,느타리버섯,30g
386,송이버섯,30g
386,양파,30g
386,감자,30g
386,호박,20g
386,후춧가루,약간
386,쇠고기,30g
386,칼국수,50g
386,국간장,3큰술
386,고춧가루,5큰술
386,마늘,1큰술
386,소금,약간
386,쑥갓,10g
385,다진대파,2작은술
385,우묵,100g
385,오이,1/4토막
385,다시마,1장
385,멸치,5개
385,다진마늘,1작은술
385,참기름,약간
385,깨소금,약간
385,고춧가루,약간
385,설탕,1작은술
385,간장,3큰술
384,흰콩,2컵
384,소금,약간
384,간수,5큰술
384,물,3컵
383,밥,3공기
383,참기름,약간
383,돼지고기,200g
383,청고추,1개
383,대파,1뿌리
383,다진마늘,약간
383,다진생강,약간
383,두반장,2큰술
383,고추기름,1큰술
383,간장,2큰술
383,맛술,1큰술
383,녹말가루,2큰술
383,설탕,약간
383,홍고추,1개
383,두부,1모
382,쌀,2컵
382,물,2컵
382,대추,6알
382,소금,약간
382,은행,6알
382,느타리버섯,60g
382,스위트콘,1캔
382,밤,3톨
381,오징어,1마리
381,돼지고기,200g
381,스위트콘,1/2캔
381,양파,1개
381,실파,3뿌리
381,고추장,5큰술
381,홍고추,1/2개
381,설탕,1큰술
381,다진마늘,약간
381,다진생강,약간
381,물엿,3큰술
381,참기름,약간
381,청고추,1/2개
381,미림,1큰술
380,우동면,1개
380,후춧가루,약간
380,핫소스,2큰술
380,간장,2큰술
380,청주,3큰술
380,참기름,2큰술
380,양배추,20g
380,양파,1/4개
380,숙주나물,10g
380,표고버섯,1개
380,피망,1/2개
380,팽이버섯,1/2개
380,마늘,1개
380,햄,70g
380,죽순,약간
380,대파,약간
380,식용유,약간
380,토마토케찹,2큰술
380,설탕,2작은술
380,굴소스,2큰술
379,돼지고기,200g
379,마늘,3쪽
379,우유,1/2컵
379,빵가루,1/2컵
379,계란,1개
379,정종,1큰술
379,샐러리,1대
379,돈까스소스,500g
379,우스터소스,800g
379,토마토케찹,450g
379,버터,2큰술
379,꿀,5큰술
379,미림,3큰술
379,사과,1개
379,양파,1개
379,바나나,2개
379,타바스코,2큰술
379,겨자,4작은술
379,밥,1공기
379,밀가루,1/2컵
378,오징어,1/2마리
378,바질,약간
378,홍합,6개
378,모시조개,4개
378,동태살,10g
378,꼴뚜기,3마리
378,마늘,3쪽
378,양파,1/2개
378,당근,1/8개
378,샐러리,약간
378,스파게티면,150g
378,토마토,1개
378,토마토페이스트,4큰술
378,멸치육수,200cc
378,월계수잎,1개
378,소금,약간
378,후춧가루,약간
378,올리브오일,약간
378,파마산치즈,약간
378,새우,4마리
377,장어,20g
377,계란,5개
377,소금,약간
377,식용유,약간
377,미림,약간
377,다시마,약간
377,설탕,약간
376,장어,1/2마리
376,초생강,20g
376,산초가루,약간
376,밥,1공기
376,장어뼈,약간
376,진간장,3큰술
376,정종,5큰술
376,설탕,2큰술
376,미림,2큰술
376,장어대리,3큰술
375,감자,1개
375,참기름,약간
375,부추,약간
375,밀가루,1/3컵
375,물,약간
375,소금,약간
375,식용유,약간
375,깻잎,6장
375,쇠고기,40g
375,두부,20g
375,표고버섯,1/4개
375,계란,1개
375,간장,2큰술
375,설탕,1큰술
375,다진대파,1큰술
375,다진마늘,1작은술
375,양파,1개
374,해초,60g
374,미역,30g
374,오징어,1/4마리
374,새우,2마리
374,간장,2큰술
374,식용유,반컵
374,신백후추,약간
374,양파,1/4개
374,당근,1/4개
374,사과,1/4개
374,마늘,1작은술
374,레몬,약간
374,식초,2큰술
373,꽃게,2마리
373,청고추,1개
373,맛살조개,40g
373,오징어,1/2마리
373,애호박,1/2개
373,무,1/4개
373,팽이버섯,1/2봉
373,홍고추,1개
373,대파,1/2뿌리
373,고추장,2큰술
373,고춧가루,2큰술
373,마늘,1/2큰술
373,국간장,1큰술
373,생강,1/2작은술
373,소금,약간
373,후춧가루,약간
373,바지락,30g
372,쇠고기,30g
372,느타리버섯,15g
372,표고버섯,15g
372,팽이버섯,15g
372,계란,1개
372,멸치다시마육수,5큰술
372,간장,약간
372,설탕,약간
372,미림,약간
372,실파,1뿌리
371,김,1/2장
371,와사비,약간
371,대파,약간
371,설탕,40g
371,조미술,1컵
371,가쓰오부시장국,7컵
371,메밀국수,150g
371,진간장,1컵
370,쇠고기,250g
370,배추,50g
370,당근,20g
370,무,20g
370,팽이버섯,20g
370,표고버섯,1개
370,쑥갓,약간
370,다시마,20g
370,국물용멸치,20g
370,대파,1/3뿌리
370,가래떡,20g
370,죽순,30g
370,두부,1/8모
369,비프스톡,3컵
369,토마토페이스트,1과1/2큰술
369,버터,1/2큰술
369,당근,1/4개
369,파슬리가루,약간
369,샐러리,1/3대
369,피망,1개
369,무,20g
369,양파,1/2개
368,게살,20g
368,새우,10g
368,두부,50g
368,흰살생선,20g
368,오징어,20g
368,미원,약간
368,멸치육수,120g
368,계란,1개
368,소금,약간
368,정종,약간
368,참기름,약간
368,전분,30g
367,새우,12마리
367,참기름,1작은술
367,계란,1개
367,식용유,약간
367,양파,1/2개
367,마늘,1쪽
367,청고추,1개
367,홍고추,1개
367,대파,1/2뿌리
367,생강,1쪽
367,간장,1큰술
367,식초,1큰술
367,멸치육수,1큰술
367,후춧가루,약간
367,녹말,1/2컵
366,연어알,60g
366,밥,2공기
366,와사비,약간
366,소금,1/4큰술
366,식초,1과1/2큰술
366,설탕,2/3큰술
366,김,2장
365,미나리,6줄기
365,팽이버섯,30g
365,계란,2개
365,가쓰오부시장국,14큰술
365,미림,2작은술
365,설탕,2큰술
365,밥,2공기
365,쇠고기,60g
365,양파,1/2개
365,간장,4큰술
364,콩나물,40g
364,미나리,3줄기
364,고춧가루,1큰술
364,다진마늘,약간
364,참기름,약간
364,깨소금,약간
364,다진대파,약간
364,소금,약간
363,냉동만두,1/2봉지
363,양상추,3잎
363,오이,1/3개
363,양파,1/2개
363,마요네즈,1큰술
363,토마토,1개
363,머스터드,2큰술
363,꿀,1큰술
363,식초,1/2큰술
363,올리브,5개
362,찹쌀가루,160g
362,소금,약간
362,대추,2알
362,물,3큰술
362,식용유,적당량
362,설탕,3큰술
362,쑥갓,약간
361,무,1개
361,미나리,10줄기
361,배,1개
361,식초,1큰술
361,생강,약간
361,소금,1큰술
361,설탕,1큰술
361,당근,1/4개
360,찹쌀,40g
360,팥,20g
360,수수,30g
360,쌀,40g
360,쇠고기,20g
360,김,1장
360,콩,30g
360,간장,약간
360,참기름,약간
360,후춧가루,약간
360,깨소금,약간
360,조,30g
360,미나리,2줄기
359,게살,50g
359,오이,20g
359,아보카도,1/2개
359,계란,1개
359,박고지,1줄기
359,날치알,3큰술
359,초생강,약간
359,통깨,약간
359,밥,1그릇
359,식초,1과1/2큰술
359,설탕,2/3큰술
359,소금,1/4큰술
359,단무지,약간
359,김,1장
358,소금,1/4큰술
358,김,5장
358,계란,3개
358,설탕,2/3큰술
358,파슬리,2큰술
358,밥,1공기
358,식초,1과1/2큰술
358,오보로,2큰술
357,페투치네,200g
357,베이컨,120g
357,양파,1/2개
357,생크림,100cc
357,계란,2개
357,오레가노,약간
357,올리브오일,약간
357,소금,약간
357,흰후추,약간
357,바질,약간
357,마늘,2쪽
356,돼지고기,600g
356,양파,15g
356,당근,10g
356,깻잎,15g
356,대파,1뿌리
356,설탕,약간
356,소금,약간
356,식초,약간
356,통후추,약간
356,겨자가루,1큰술
355,쌀,1컵
355,시금치,30g
355,된장,1큰술
355,가쓰오부시,약간
355,쇠고기,15g
355,참기름,약간
355,다시마,1장
354,고구마,2개
354,생크림,1/3컵
354,파슬리가루,약간
354,소금,약간
354,치즈가루,약간
354,모짜렐라치즈,50g
353,두부,1/2모
353,양배추,15g
353,양파,15g
353,대파,5g
353,홍고추,1개
353,깨소금,약간
353,다진대파,1큰술
353,다진마늘,1/2큰술
353,고춧가루,1과1/2큰술
353,간장,2큰술
353,참기름,약간
353,풋고추,1개
352,고등어,1마리
352,무,1/2개
352,대파,2뿌리
352,멸치다시마육수,7컵
352,된장,50g
352,소주,3/4컵
352,간장,3큰술
352,미림,6큰술
352,설탕,3큰술
351,식용유,약간
351,참기름,약간
351,깨소금,약간
351,소금,약간
351,무,70g
350,라이스페이퍼,8장
350,소금,약간
350,오징어,1/2마리
350,오이,1/2개
350,양파,1/2개
350,표고버섯,3장
350,키위,1개
350,파인애플,1쪽
350,간장,1큰술
350,물,1큰술
350,청고추,1작은술
350,설탕,약간
350,깨소금,약간
350,홍고추,1작은술
350,당근,1/2개
350,식초,약간
350,쌀국수,50g
349,스파게티면,200g
349,소금,약간
349,오징어,1/2마리
349,새우,3마리
349,양파,1/2개
349,샐러리,1대
349,양송이,2개
349,다진마늘,1작은술
349,홀토마토,1/2컵
349,버터,1큰술
349,밀가루,1큰술
349,오레가노,약간
349,올리브오일,2큰술
349,파마산치즈,약간
349,토마토,1개
349,후춧가루,약간
349,홍합,100g
348,단호박,100g
348,계란,1개
348,식용유,2컵
348,튀김가루,50g
348,밀가루,50g
347,파래,50g
347,당근,10g
347,간장,1큰술
347,설탕,2큰술
347,식초,1과1/2큰술
347,참기름,약간
347,깨소금,약간
346,쇠고기,2쪽
346,당근,20g
346,감자,20g
346,오이,20g
346,밀가루,4큰술
346,레드와인,4큰술
346,물,3컵
346,우스터소스,1큰술
346,토마토페이스트,1큰술
346,소금,1작은술
346,후춧가루,약간
346,버터,4큰술
345,소금,약간
345,참기름,약간
345,칼국수,120g
345,다시마,10g
345,새우,4마리
345,간장,2큰술
345,호박,15g
345,감자,15g
345,대파,5g
345,청고추,5g
345,바지락,100g
344,무,1/4개
344,고춧가루,1작은술
344,식초,1과 1/2큰술
344,설탕,1과 2/3큰술
344,깨소금,약간
344,참기름,약간
344,다진대파,1작은술
344,다진마늘,1/2작은술
344,소금,약간
343,오징어,1마리
343,소금,3큰술
343,다진대파,1큰술
343,다진마늘,1/2큰술
343,다진생강,1/4큰술
343,고춧가루,2큰술
342,꽁치,1마리
342,소금,3큰술
342,간장,1큰술
342,레몬,1/8조각
342,와사비,약간
341,호박,20g
341,양파,20g
341,두부,15g
341,소금,약간
341,홍고추,1/2개
341,된장,한큰술
341,국물용멸치,5개
341,대파,5g
340,상추,10g
340,들깻잎,10g
340,쑥갓,5g
340,케일,10g
340,깨소금,약간
340,설탕,1/2작은술
340,식초,1/2작은술
340,조림간장,1/4작은술
340,참기름,약간
340,고춧가루,1작은술
339,찹쌀,1/4되
339,콩,1/2컵
339,소금,1큰술
338,밥,60g
338,보리,10g
338,콩나물,40g
338,소금,1큰술
338,당근,15g
338,다짐육 소고기,30g
338,오이,20g
337,당근,1/4개
337,스위트콘,2큰술
337,다진대파,1큰술
337,소금,약간
337,청정원맛선생,약간
337,설탕,1/4작은술
337,계란,2개
337,시금치,10g
337,물,1/2컵
337,후춧가루,약간
336,닭살,100g
336,닭육수,200g
336,죽순,10g
336,당근,10g
336,실파,2뿌리
336,녹말가루,약간
336,표고버섯,1개
336,소금,약간
336,후춧가루,약간
336,참기름,약간
336,계란,1개
335,바게트,1개
335,파슬리가루,1작은술
335,마늘,2톨
335,버터,2큰술
334,감자,300g
334,양파,60g
334,대파,30g
334,버터,30g
334,후춧가루,약간
334,계란,1개
334,생크림,84g
334,소금,약간
334,멸치육수,750g
333,닭다리,150g
333,대파,1뿌리
333,생강,1쪽
333,맛술,1큰술
333,물,10컵
333,후춧가루,약간
333,중국부추,50g
333,당근,50g
333,간장,1큰술
333,소금,약간
333,소면,400g
332,김,2장
332,오징어,1/2마리
332,무,30g
332,고춧가루,3큰술
332,설탕,2큰술
332,밥,2공기
332,까나리액젓,1큰술
332,참기름,약간
332,깨소금,약간
332,다진대파,약간
332,다진마늘,약간
332,식초,4큰술
331,고추,150g
331,찹쌀가루,1/2컵
331,설탕,약간
331,소금,약간
331,식용유,4컵
330,쇠고기,200g
330,찹쌀가루,1/2컵
330,간장,2큰술
330,후춧가루,약간
330,설탕,2큰술
330,기름,1/4컵
330,겨자,2큰술
330,식초,2큰술
330,참기름,약간
329,미림,약간
329,대구,1/2마리
329,무,30g
329,콩나물,25g
329,홍고추,1개
329,후춧가루,약간
329,미나리,20g
329,팽이버섯,20g
329,고춧가루,2큰술
329,고추장,1큰술
329,소금,약간
329,청고추,1개
328,완두콩,3큰술
328,옥수수,3큰술
328,당근,1/4개
328,감자,1/4개
328,껍질콩,5개
328,참기름,1큰술
328,간장,1/2큰술
328,굴소스,1/2큰술
328,식용유,약간
328,소금,약간
328,후춧가루,약간
328,다진마늘,1작은술
327,밥,2공기
327,오징어,1마리
327,양파,2/3개
327,피망,1/2개
327,실파,10g
327,식용유,약간
327,후춧가루,약간
327,고추장,1큰술
327,두반장,1큰술
327,설탕,약간
327,깨소금,약간
327,소금,약간
327,물,1/3컵
326,미역,150g
326,홍합,10개
326,소금,1작은술
326,후춧가루,1/4작은술
326,간장,3큰술
326,물,3큰술
326,참기름,1큰술
325,찹쌀,1컵
325,양송이버섯,5개
325,호박,50g
325,실파,3뿌리
325,당근,30g
325,소금,1작은술
325,양파,1/3개
325,참기름,1큰술
325,물,6컵
325,깨소금,1큰술
325,깻잎,3장
324,청피망,1/2개
324,파,2큰술
324,다진마늘,2작은술
324,고춧가루,2작은술
324,간장,1큰술
324,홍피망,1/2개
324,애호박,1개
324,식용유,적당량
324,참기름,1작은술
324,깨소금,약간
324,참기름,약간
324,새우젓,1큰술
323,도라지,100g
323,오이,1개
323,오징어,1마리
323,고추장,2큰술
323,고춧가루,1작은술
323,소금,약간
323,식초,2큰술
323,물엿,1큰술
323,참기름,약간
323,깨소금,약간
323,간장,1작은술
322,칼국수,300g
322,바지락,200g
322,양파,1개
322,애호박,1/4개
322,후춧가루,약간
322,맛술,1큰술
322,청장,2큰술
322,소금,약간
322,다진마늘,1큰술
321,오징어채,100g
321,고추장,1큰술
321,설탕,1큰술
321,참기름,1작은술
321,식용유,2큰술
321,물엿,1작은술
321,술,1큰술
320,배추김치,1/3포기
320,밥,2공기
320,감자,1/4개
320,양파,1/2개
320,계란,2개
320,식용유,약간
320,소금,약간
320,후춧가루,약간
320,햄,60g
319,닭봉,10개
319,도라지,100g
319,대파,2뿌리
319,마늘,3쪽
319,생강,1개
319,고춧가루,3큰술
319,후춧가루,적당량
319,다진마늘,1큰술
319,생강즙,2작은술
319,간장,2큰술
319,참기름,1큰술
319,소금,적당량
319,고사리,100g
319,닭육수,3큰술
318,파스타,250g
318,표고버섯,150g
318,느타리버섯,100g
318,양송이버섯,100g
318,올리브오일,적당량
318,파,1대
318,화이트와인,3큰술
318,간장,3큰술
318,다진마늘,2큰술
317,설탕,1큰술
317,소금,약간
317,후춧가루,약간
317,쌀국수,30g
317,돼지고기,20g
317,간장,1작은술
317,청고추,1개
317,대파,1/2뿌리
317,마늘,1쪽
317,생강,1작은술
317,굴소스,1큰술
317,숙주나물,30g
316,돼지고기,300g
316,부추,200g
316,대파,1/2뿌리
316,생강,1큰술
316,밀가루,3컵
316,소금,1작은술
316,참기름,1큰술
316,후춧가루,약간
316,간장,2큰술
315,쇠고기,400g
315,새송이버섯,300g
315,진간장,3큰술
315,설탕,2큰술
315,다진대파,1과1/2큰술
315,소금,2작은술
315,깨소금,1큰술
315,후춧가루,적당량
315,참기름,적당량
315,잣가루,약간
315,다진마늘,1큰술
314,닭안심,500g
314,표고버섯,3장
314,느타리버섯,30g
314,팽이버섯,30g
314,당근,30g
314,청고추,1개
314,계란,1개
314,간장,1큰술
314,설탕,1/2큰술
314,청주,1작은술
314,소금,약간
314,후춧가루,약간
314,계란,1개
313,쇠고기,400g
313,무순,50g
313,양배추,70g
313,당근,50g
313,맛술,4큰술
313,물,1작은술
313,설탕,적당량
313,고추냉이,1작은술
313,간장,1큰술
313,식초,2/3큰술
313,간장,2큰술
312,밀가루,1컵
312,찹쌀가루,4큰술
312,계란,2개
312,식용유,적당량
312,부추,200g
312,청고추,10개
312,오징어,1마리
312,물,1컵
311,다진마늘,2작은술
311,쌀뜨물,2과1/2컵
311,홍고추,1개
311,청국장,3큰술
311,팽이버섯,30g
311,청고추,1개
311,양송이버섯,30g
311,느타리버섯,70g
311,호박,70g
311,두부,80g
311,대파,1/2뿌리
311,표고버섯,30g
310,가지,1개
310,쇠고기,100g
310,청고추,2개
310,홍고추,1개
310,대파,1/2뿌리
310,참기름,적당량
310,간장,1큰술
310,청주,1큰술
310,소금,1/2큰술씩
310,설탕,1/2큰술씩
310,깨소금,적당량
310,다진마늘,1/2큰술
309,바지락,2봉지
309,다진마늘,2큰술
309,대파,1뿌리
309,식용유,적당량
309,청고추,2개
309,두반장,2과1/2큰술
309,설탕,1큰술
309,건고추,2개
308,쇠고기,150g
308,녹말,8큰술
308,해삼,80g
308,표고버섯,2장
308,죽순,1개
308,부추,30g
308,완두콩,20g
308,대파,1뿌리
308,마늘,2쪽
308,생강,약간
308,간장,2큰술
308,굴소스,1큰술
308,청주,1큰술
308,후춧가루,약간
308,참기름,약간
308,식용유,3큰술
308,물,1과1/2컵
308,새우,50g
307,고등어,1마리
307,배추김치,1/4포기
307,물,2컵
307,파,1뿌리
307,설탕,1큰술
307,다진생강,1큰술
307,진간장,2큰술
307,고춧가루,½큰술
307,다진마늘,1큰술
306,라면,1봉
306,떡,30g
306,어묵,30g
306,고춧가루,1/2큰술
306,마늘,1큰술
306,고추장,1과1/2큰술
306,설탕,1큰술
306,대파,적당량
305,아욱,200g
305,쌀뜨물,5컵
305,된장,2과1/2큰술
305,후춧가루,약간
305,멸치,4마리
305,대파,약간
305,마늘,1/2큰술
305,모시조개,10개
304,쌀국수,500g
304,다진대파,1큰술
304,양파,1/2개
304,새우,8마리
304,상추,8잎
304,레몬,1개
304,멸치육수,1과1/2컵
304,간장,3큰술
304,식초,1/4컵
304,설탕,2큰술
304,실파,1/2컵
304,고추,2큰술
304,소금,약간
304,후추,약간
304,다진마늘,1/2큰술
304,쇠고기,200g
303,깻잎,30장
303,소금,4큰술
303,된장,적당량
302,강력분,500g
302,설탕,75g
302,소금,10g
302,쑥,10g
302,버터,150g
302,계란,5개
302,물,250g
302,이스트,35g
301,밥,2공기
301,참기름,적당량
301,양파,1/2개
301,쇠고기,100g
301,느타리버섯,30g
301,팽이버섯,30g
301,목이버섯,30g
301,당근,30g
301,실파,60g
301,간장,1큰술
301,소금,적당량
301,후춧가루,적당량
301,참기름,적당량
301,깨소금,적당량
301,간장,1큰술
301,설탕,1/2큰술
301,다진대파,1/2큰술
301,다진마늘,1/2큰술
301,당면,300g
300,다시마,200g
300,맛살,2개
300,당근,30g
300,청고추,1개
300,실파,3뿌리
300,식용유,약간
300,생강즙,1작은술
300,청주,1/2큰술
300,소금,적당량
300,후춧가루,적당량
300,참기름,약간
300,마늘,1큰술
299,밥,한공기
299,열무김치,300g
299,쇠고기,150g
299,간장,1큰술
299,설탕,1/2큰술
299,다진대파,2작은술
299,열무김치,3큰술
299,참기름,1작은술
299,고추장,3큰술
299,설탕,1큰술
299,마늘,1큰술
299,참기름,1큰술
299,다진마늘,1작은술
298,베이컨,15장
298,샐러리,20g
298,프랑크소시지,4~5개
298,게맛살,2개
298,팽이버섯,적당량
298,레몬즙,1큰술
298,가래떡,5개
298,마요네즈,2큰술
298,머스터드,1큰술
298,간장,1작은술
298,피망,적당량
297,닭,300g
297,고구마,1/2개
297,양배추,1/4개
297,양파,1/2개
297,가래떡,적당량
297,깻잎,5~6장
297,참기름,약간
297,고춧가루,1큰술
297,설탕,2큰술
297,간장,2큰술
297,깨소금,1큰술
297,생강즙,1큰술
297,고추장,2큰술
296,순대,300g
296,양배추,1/4통
296,양파,1개
296,깻잎,적당량
296,쫄면,100g
296,식용유,적당량
296,간장,1큰술
296,설탕,2큰술
296,들깨가루,1큰술
296,다진마늘,1큰술
296,고춧가루,3큰술
295,닭,500g
295,파인애플,2조각
295,브로콜리,150g
295,당근,150g
295,설탕,5큰술
295,청주,약간
295,숙주,20g
295,밥,1공기
295,청피망,1/2개
295,계란,1개
295,간장,1컵
295,참기름,약간
295,식용유,약간
295,물,약간
294,코다리,1마리
294,양파,1/2개
294,청고추,1개
294,간장,2큰술
294,설탕,2큰술
294,물,3큰술
294,다진마늘,약간
294,참기름,1/2작은술
294,후춧가루,약간
294,깨소금,약간
294,다진대파,약간
293,감자,2개
293,양파,1개
293,소금,약간
293,크림수프,1컵
293,모짜렐라치즈,100g
293,베이컨,3줄
292,국물용멸치,5마리
292,참기름,1/2작은술
292,당근,25g
292,채썬소고기,20g
292,계란,1개
292,소면,300g
292,소금,약간
292,후춧가루,약간
292,국간장,2큰술
292,간장,4큰술
292,고춧가루,2큰술
292,다진대파,1큰술
292,참기름,1작은술
292,깨소금,약간
292,간장,1/2작은술
292,설탕,1/2작은술
292,호박,25g
291,밥,2공기
291,소금,1작은술
291,참기름,1큰술
291,김치,8장
291,다진대파,1큰술
291,조미료,약간
291,설탕,1작은술
290,토마토,1개
290,식용유,약간
290,간장,2큰술
290,설탕,1큰술
290,조미술,1큰술
290,후춧가루,약간
290,양파,1개
290,토마토케찹,1/2큰술
290,핫소스,2큰술
290,춘권피,10장
290,소고기,300g
290,깻잎,20장
290,무순,1팩
290,토마토,1/2개
289,가래떡,500g
289,다진마늘,1/2작은술
289,당근,1/2개
289,청피망,1/2개
289,채썬소고기,300g
289,간장,2큰술
289,설탕,1/2큰술
289,참기름,1/2작은술
289,후춧가루,약간
289,간장,3큰술
289,설탕,1과1/2큰술
289,참기름,1작은술
289,표고버섯,3장
289,후춧가루,약간
289,양파,1/2개
288,돼지고기,2장
288,모짜렐라치즈,50g
288,청피망,1/2개
288,밀가루,1/2컵
288,계란,1개
288,빵가루,1컵
288,소금,약간
288,생강즙,1/2작은술
287,꽁치통조림,1캔
287,배추김치,300g
287,다진마늘,1/2작은술
287,다진대파,1/2작은술
287,물,2컵
287,고춧가루,1큰술
287,간장,2큰술
287,설탕,1큰술
287,참기름,1작은술
286,밥,3공기
286,스위트콘,300g
286,피망,1/2개
286,후춧가루,약간
286,양파,50g
286,당근,50g
286,소금,약간
286,햄,50g
285,오징어,1마리
285,후춧가루,약간
285,가래떡,50g
285,피망,1개
285,고추장,2큰술
285,설탕,1큰술
285,식초,1큰술
285,토마토케찹,2큰술
285,간장,약간
285,고춧가루,약간
285,다진마늘,적당량
285,다진대파,적당량
285,핫소스,약간
285,참기름,약간
285,새우,50g
284,우유,2와1/2컵
284,생크림,1/2컵
284,소금,약간
284,밀가루,50g
284,브로콜리,400g
284,버터,50g
284,후춧가루,약간
283,양상추,4장
283,오이피클,1/2개
283,무순,약간
283,체리,약간
283,땅콩버터,약간
283,훈제연어,100g
282,두부,1/2모
282,계란,3개
282,모시조개,70g
282,새우,5마리
282,간장,약간
282,다시물,1과1/2컵
282,은행,약간
282,조미술,약간
282,소금,약간
282,표고버섯,1개
281,밥,4공기
281,다진마늘,약간
281,오이,1/3개
281,대파,약간
281,도라지,20g
281,고사리,20g
281,당근,1/4개
281,간장,2큰술
281,식초,약간
281,고춧가루,1작은술
281,설탕,2작은술
281,참기름,약간
281,소금,약간
281,다진대파,약간
281,상추,3잎
280,마늘,8뿌리
280,갑오징어,2마리
280,간장,2큰술
280,다진대파,2작은술
280,다진마늘,1작은술
280,꼬치,8개
280,깨소금,2작은술
280,생강즙,1/2작은술
280,밀가루,1/2컵
280,물,1/2컵
280,참기름,2작은술
279,돼지고기,100g
279,표고버섯,2장
279,양파,1/2개
279,피망,1/2개
279,청고추,1개
279,대파,1/2뿌리
279,조미술,약간
279,생강,1쪽
279,녹말,약간
279,소금,약간
279,굴소스,1큰술
279,후춧가루,약간
279,마늘,3쪽
278,밀가루,2컵
278,식용유,1큰술
278,녹말,4큰술
278,간장,2큰술
278,다진대파,약간
278,다진마늘,약간
278,후춧가루,약간
278,참기름,약간
278,소금,1/2작은술
278,멸치육수,4컵
278,팽이버섯,1봉
278,쑥갓,약간
278,쇠고기,200g
278,배추,200g
278,부추,100g
278,물,2/3컵
277,아스파라거스,100g
277,새우,200g
277,샐러리,2대
277,참기름,약간
277,소금,약간
277,후춧가루,약간
277,미림,1큰술
276,닭,300g
276,당근,50g
276,완두콩통조림,3큰술
276,스위트콘,3큰술
276,설탕,1큰술
276,버터,2큰술
276,토마토케찹,1/3컵
276,우스터소스,3큰술
276,식용유,3큰술
275,해파리,80g
275,참기름,약간
275,쭈꾸미,20g
275,오이,1/3개
275,당근,1/4개
275,홍피망,1/2개
275,계란,1개
275,겨자,2큰술
275,머스터드,1/2큰술
275,마늘,2쪽
275,식초,3큰술
275,설탕,3큰술
275,간장,약간
275,소금,약간
275,새우,6개
274,호박,1개
274,두부,1/2모
274,새우젓,2큰술
274,파,1/2뿌리
274,참기름,약간
274,다진마늘,1큰술
274,물,3컵
274,식용유,약간
274,소금,약간
274,청고추,3개
273,묵은김치,2포기
273,두부,1모
273,돼지고기,600g
273,소금,약간
273,깻잎,1봉
273,대파,1/2뿌리
273,생강,1쪽
273,청고추,1개
272,후춧가루,약간
272,고춧가루,2큰술
272,파,2큰술
272,멸치육수,3큰술
272,밥,4공기
272,닭,한마리
272,소금,약간
272,오이,1개
272,배추김치,200g
272,마늘,3쪽
272,다진마늘,1큰술
272,실파,약간
272,콩나물,300g
271,오징어,1마리
271,마늘,2쪽
271,대파,1뿌리
271,고추장,1큰술
271,고춧가루,1/2큰술
271,간장,1작은술
271,물엿,1큰술
271,양파즙,1큰술
271,생강즙,1작은술
271,다진대파,약간
271,다진마늘,1작은술
271,깨소금,약간
271,후춧가루,약간
271,참기름,약간
270,참나물,100g
270,고추장,1큰술
270,참기름,약간
270,다진대파,1큰술
270,깨소금,약간
270,다진마늘,1/2큰술
269,숙주,100g
269,미나리,50g
269,다진대파,약간
269,참기름,약간
269,깨소금,약간
269,실고추,약간
269,다진마늘,약간
268,두릅,200g
268,된장,1큰술
268,다진대파,2큰술
268,다진마늘,1큰술
268,설탕,약간
268,참기름,1큰술
268,실고추,1큰술
268,소금,약간
268,깨소금,1큰술
267,달래,500g
267,마늘,1/2쪽
267,생강,1쪽
267,통깨,약간
267,진간장,3큰술
267,설탕,약간
267,고춧가루,1/3컵
266,달래,100g
266,생굴,80g
266,청고추,1/2개
266,홍고추,1/2개
266,밀가루,1컵
266,실파,약간
266,물,2/3컵
266,간장,1큰술
266,식초,1작은술
266,다진마늘,약간
266,깨소금,약간
266,계란,1개
265,깨소금,약간
265,다진마늘,약간
265,다진생강,약간
265,고들빼기,1관
265,실파,1단
265,대추,20개
265,갓,1단
265,고춧가루,1근
265,멸치액젓,2컵
265,설탕,3큰술
265,밤,20개
265,고추,1근
264,밀가루,3컵
264,시금치즙,6큰술
264,당근즙,6큰술
264,김,2장
264,멸치,30g
264,다시마,1장
264,청정원맛선생,약간
264,호박,100g
264,양파,1/2개
264,대파,1/2뿌리
264,다진마늘,1큰술
264,소금,약간
264,진간장,약간
264,감자,1개
263,불린미역,100g
263,유부,5장
263,두부,1/3모
263,실파,2뿌리
263,물,8컵
263,된장,3큰술
263,미림,2큰술
263,다시마,2장
263,멸치,한줌
262,참치,1캔
262,랩,약간
262,계란,3개
262,파슬리,1단
262,당근,1/3개
262,김,1/3장
262,게맛살,1줄
262,오이,1/3개
262,밥,3공기
262,맛소금,약간
262,단무지,약간
262,매실장아찌,약간
262,깨소금,약간
262,후춧가루,약간
262,실파,1큰술
261,밀가루,1컵
261,참기름,2큰술
261,소금,약간
261,조청,약간
261,물,1/2컵
261,청주,1큰술
261,설탕,1/2컵
261,검은깨,약간
261,생강즙,1큰술
260,소금,약간
260,땅콩가루,1큰술
260,식초,1큰술
260,간장,1/2큰술
260,겨자,1/2큰술
260,황설탕,1/2큰술
260,오이,1/2개
260,참기름,약간
260,두부,1/2모
260,쇠고기,80g
260,양배추,50g
260,당근,50g
260,소금,약간
259,가래떡,400g
259,소고기,80g
259,묵은김치,100g
259,양파,1/2개
259,통깨,약간
259,당근,30g
259,참기름,약간
259,깨소금,약간
259,소금,약간
259,피망,1/2개
258,콩나물,50g
258,도라지,50g
258,시금치,50g
258,고사리,50g
258,간장,2큰술
258,다진대파,3큰술
258,물,약간
258,식용유,6큰술
258,깨소금,1큰술
258,참기름,1큰술
258,소금,약간
258,들깨가루,약간
258,다진마늘,1큰술
257,쌀,1컵
257,밤,2개
257,고구마,1/3개
257,은행,6알
257,대추,4알
257,깨소금,약간
257,참기름,약간
257,간장,2컵
257,멸치다시마육수,1큰술
257,다진대파,약간
257,다진마늘,약간
257,멸치다시마육수,1컵
256,닭다리,5개
256,토마토케찹,1큰술
256,간장,1큰술
256,녹말,2큰술
256,식용유,4큰술
256,건고추,3개
256,마늘,3쪽
256,생강,1개
256,실파,5뿌리
256,굴소스,1큰술
256,간장,2큰술
256,식초,1큰술
256,맛술,3큰술
256,설탕,2큰술
256,오이,1개
255,어묵,100g
255,계란,1개
255,멸치,100g
255,다시마,1장
255,무,50g
255,청주,2Ts
255,물,4C
255,겨자가루,1Ts
255,소금,약간
255,간장,3Ts
254,밥,2인분
254,피쉬소스,약간
254,쇠고기,50g
254,양파,1개
254,느타리버섯,50g
254,당근,20g
254,멸치육수,1컵
254,간장,1큰술
254,실파,2뿌리
254,다진마늘,1/2큰술
254,녹말,약간
254,깨소금,약간
254,참기름,약간
254,소금,약간
254,후춧가루,약간
254,콩나물,100g
253,오징어,1마리
253,참기름,약간
253,녹말,1컵
253,밀가루,1컵
253,물,1/4컵
253,소금,약간
253,옥수수,3큰술
253,완두콩,3큰술
253,당근,30g
253,양파,1/4개
253,표고버섯,2장
253,멸치육수,1/4컵
253,설탕,2큰술
253,식초,2큰술
253,간장,1큰술
253,맛술,2큰술
253,계란,1개
252,소면,2인분
252,배추김치,100g
252,오이,1/2개
252,양배추,2장
252,깻잎,10장
252,사이다,약간
252,상추,4장
252,고추장,2큰술
252,식초,2큰술
252,설탕,1큰술
252,청고추,1개
251,바게트,1/4개
251,모짜렐라치즈,100g
251,묵은김치,1/5포기
251,베이컨,2줄
251,당근,1/4개
251,식용유,약간
251,양송이,3개
251,파슬리가루,약간
251,소금,약간
251,후춧가루,약간
251,피망,1/4개
250,간장,2큰술
250,다진대파,1큰술
250,고춧가루,1작은술
250,다진마늘,1작은술
250,깨소금,1작은술
250,참기름,1큰술
250,유부,5장
250,후춧가루,약간
250,소고기,150g
250,콩나물,100g
250,미나리,50g
250,당근,50g
250,밥,4공기
249,잔멸치,100g
249,다진마늘,1/2작은술
249,된장,1작은술
249,맛술,1/2큰술
249,밥,4공기
249,설탕,2큰술
249,식용유,1큰술
249,상추,2장
249,깨소금,약간
249,간장,1작은술
248,쇠고기,150g
248,참기름,약간
248,표고버섯,2개
248,무,1/4개
248,팽이버섯,30g
248,미나리,3대
248,대파,1뿌리
248,홍고추,1개
248,양파,1/3개
248,물,3컵
248,소금,약간
248,다진대파,1작은술
248,간장,2큰술
248,다진마늘,1작은술
248,설탕,1큰술
248,깨소금,약간
248,낙지,2마리
247,팥,2컵
247,설탕,2컵
247,대추,1개
247,인절미,100g
247,소금,약간
247,물,10컵
246,찬밥,1공기
246,참치,1/2통
246,양파,1/4개
246,당근,1/4개
246,실파,약간
246,후춧가루,약간
246,계란,1개
246,밀가루,약간
246,식용유,약간
246,소금,약간
246,청고추,1개
245,사골,300g
245,쇠고기,200g
245,우거지,200g
245,고춧가루,약간
245,홍고추,1개
245,된장,2큰술
245,다진마늘,2큰술
245,대파,1뿌리
244,석이버섯,5잎
244,통깨,3큰술
244,생굴,1컵
244,낙지,1마리
244,액체육젓,2컵
244,소금,1컵
244,설탕,5큰술
244,배추,5포기
244,무,1개
244,미나리,1단
244,갓,1단
244,실파,1/2단
244,배,2개
244,마늘,15쪽
244,생강,3톨
244,밤,10개씩
244,은행,2큰술
244,고춧가루,3컵
243,배추,1포기
243,물,10컵
243,갓,1/2단
243,미나리,1/3단
243,실파,1/2단
243,배,1/2개
243,고춧가루,1컵
243,액체육젓,1/2컵
243,마늘,1큰술
243,생강,1작은술
243,설탕,1큰술
243,소금,약간
243,통깨,약간
243,절임용 소금물,2컵
243,밤,2컵
242,돼지고기,600g
242,식초,1큰술
242,고춧가루,1큰술
242,간장,3큰술
242,맛술,2큰술
242,생강즙,2큰술
242,설탕,2큰술
242,다진마늘,2큰술
242,다진대파,3큰술
242,깨소금,약간
242,후춧가루,약간
242,참기름,약간
242,된장,5큰술
242,고추장,2큰술
242,다진마늘,2큰술
242,다진대파,2큰술
242,고추장,5큰술
241,가래떡,1줄
241,양파,1개
241,대파,1뿌리
241,피망,1개
241,비엔나소시지,10개
241,고추장,3큰술
241,간장,1큰술
241,물,1과1/2컵
241,설탕,2큰술
241,물엿,1큰술
240,다진대파,3큰술
240,맛술,3큰술
240,후춧가루,약간
240,참기름,약간
240,깨소금,약간
240,식용유,약간씩
240,감자,2개
240,당근,1개
240,무,1/4개
240,고춧가루,3큰술
240,고추장,4큰술
240,갈비,1.8Kg
240,양파,2개
240,생강즙,1큰술
240,홍고추,5개
240,간장,3큰술
240,설탕,2큰술
240,다진마늘,2큰술
239,홍합,400g
239,대파,1/2뿌리
239,홍고추,1개
239,물,약간
239,다진마늘,1작은술
239,소금,약간
239,실파,1뿌리
238,배추김치,1/2포기
238,참기름,약간
238,다짐육 소고기,100g
238,오이,1/2개
238,당근,1/2개
238,단무지,약간
238,미나리,30g
238,새우,10마리
238,청주,1큰술
238,간장,1큰술
238,설탕,1큰술
238,다진마늘,1/2작은술
238,다진대파,1작은술
238,후춧가루,약간
238,밥,2공기
237,두부,1모
237,참기름,약간
237,느타리버섯,50g
237,표고버섯,2장
237,팽이버섯,50g
237,배추김치,100g
237,양파,1/2개
237,청고추,1개
237,대파,1/2뿌리
237,고춧가루,1큰술
237,간장,1큰술
237,다진양파,1/4개
237,다진대파,1큰술
237,다진마늘,1/2큰술
237,물,1/4컵
237,깨소금,1큰술
237,후춧가루,약간
237,돼지고기,50g
236,두부,1/2모
236,생굴,200g
236,양송이버섯,2개
236,마늘,2쪽
236,새우젓,약간
236,청고추,1/2개
236,홍고추,1/2씩
236,소금,약간
236,실파,2뿌리
235,멸치육수,3컵
235,대파,1/2뿌리
235,후춧가루,약간
235,진간장,약간
235,고춧가루,3큰술
235,다진마늘,3큰술
235,양파즙,2큰술
235,무즙,2큰술
235,생태,1마리
235,바지락,50g
235,무,50g
235,호박,30g
235,두부,50g
235,팽이버섯,1/2봉지
235,미나리,50g
235,청고추,1/2개
235,홍고추,1/2개
235,소금,약간
234,식용유,3컵
234,건고추,5개
234,파,2큰술
234,고춧가루,2와1/2컵
234,다진마늘,2큰술
234,생강,1작은술
233,닭,100g
233,콘푸라이트,1컵
233,카레가루,30g
233,계란,1개
233,소금,약간
233,후춧가루,약간
233,올리브오일,2큰술
233,다진마늘,1/2큰술
233,다진양파,1/2큰술
233,토마토케찹,1큰술
233,간장,1/2큰술
233,식초,1큰술
233,고춧가루,1/4작은술
232,가지,1개
232,고춧가루,1작은술
232,밀가루,1큰술
232,다진대파,약간
232,다진마늘,약간
232,소금,약간
232,후춧가루,약간
232,참기름,약간
232,물,1컵
232,멸치,8g
232,양파,1/4개
232,청고추,1개
232,홍고추,1개
232,된장,1큰술
232,돼지고기,50g
231,홍차티백,4개
231,물,2컵
231,계란,5개
231,양파,½개
231,물엿,2큰술
231,간장,2큰술
231,소금,1/2작은술
231,설탕,1과1/2큰술
231,마늘,2쪽
230,두부,200g
230,치즈,2장
230,방울토마토,3개
230,식용유,약간
230,치커리,약간
230,마요네즈,약간
230,소금,약간
230,토마토케찹,약간
229,소금,약간
229,후춧가루,약간
229,두부,1모
229,다짐육 소고기,90g
229,파슬리,약간
228,밥,3공기
228,다진마늘,1작은술
228,오징어,1/2마리
228,양파,1/2개
228,당근,30g
228,실파,4뿌리
228,계란,2개
228,밀가루,3큰술
228,소금,약간
228,후춧가루,약간
228,깨소금,약간
228,참기름,약간
228,간장,1큰술
228,식초,1작은술
228,다진대파,1큰술
228,새우,100g
227,만두피,12장
227,후춧가루,약간
227,두부,1모
227,숙주나물,100g
227,배추김치,50g
227,양파,1개
227,미나리,50g
227,느타리버섯,100g
227,표고버섯,4장
227,대파,1/2뿌리
227,멸치육수,4컵
227,고춧가루,2큰술
227,진간장,2큰술
227,다진대파,2큰술
227,다진마늘,1/2큰술
227,생강,약간
227,돼지고기,100g
226,참치,3쪽
226,물,3큰술
226,광어,20g
226,피조개,1개
226,갑오징어,20g
226,계란,2개
226,청어알,20g
226,연어알,20g
226,무순,20g
226,전복,1개
226,김,1장
226,생강,50g
226,초밥,3공기
226,와사비,3큰술
226,새우,2마리
225,코다리,2마리
225,실파,2뿌리
225,고추장,1큰술
225,간장,1/2큰술
225,후춧가루,1/4작은술
225,다진대파,1큰술
225,다진마늘,1/2큰술
225,다진생강,1/2작은술
225,참기름,1큰술
225,설탕,1큰술
224,소금,약간
224,참기름,약간
224,홍고추,1개
224,표고버섯,1장
224,돼지고기,300g
224,부추,50g
224,양파,1/4개
224,당근,30g
224,배추,10장
224,간장,2큰술
224,양파즙,2큰술
224,다진대파,2큰술
224,다진마늘,2큰술
224,생강즙,1/2작은술
224,후춧가루,약간
224,깨소금,약간
224,청고추,1개
223,밥,2그릇
223,참기름,약간
223,오징어,1/2마리
223,조개살,100g
223,홍합,200g
223,양파,1개
223,당근,20g
223,호박,700g
223,대파,1뿌리
223,목이버섯,6장
223,고춧가루,3큰술
223,간장,1큰술
223,다진마늘,약간
223,생강,약간
223,소금,약간
223,후춧가루,약간
223,돼지고기,150g
222,오징어,1마리
222,고추장,2큰술
222,깨소금,약간
222,설탕,1큰술
222,식초,2큰술
221,오곡곡물,2컵
221,상추,약간
221,깻잎,약간
221,치커리,약간
221,참기름,약간
221,된장,1/2컵
221,깨소금,약간
221,양파,1/2개
221,청고추,2개
221,홍고추,1개
221,대파,1/2뿌리
221,마늘,3쪽
221,멸치,30g
221,고추장,1/4컵
220,청고추,2개
220,양파,1/2개
220,멸치,20g
220,다시마,2장
220,다진마늘,1큰술
220,밀가루,2컵
220,계란,1개
220,식용유,1작은술
220,물,약간
220,소금,약간
220,간장,3큰술
220,다진대파,약간
220,깨소금,1큰술
220,고춧가루,약간
220,참기름,약간
220,배추김치,100g
220,감자,1개
220,대파,1뿌리
219,감자,300g
219,밀가루,210g
219,계란,1개
219,사우어크라우트,300g
219,소금,약간
219,버터,약간
219,넛맥,약간
219,양파,1/2개
219,베이컨,100g
219,파슬리,약간
219,후춧가루,약간
218,사골뼈,500g
218,소고기,200g
218,물,20컵
218,무,1/4개
218,대파,1뿌리
218,다진마늘,1/2큰술
218,생강,1쪽
218,후춧가루,약간
218,소금,약간
218,진간장,1큰술
218,다진대파,1큰술
218,마늘,3쪽
217,포도,800g
217,딸기,800g
217,사과,4개
217,설탕,1500g
216,계란,2개
216,두부,1/3모
216,청피망,1/4개
216,당근,1/8개
216,후춧가루,약간
216,홍피망,1/4개
216,소금,약간
216,토마토케찹,약간
216,우유,2작은술
215,갑오징어,3마리
215,피망,4개
215,고추장,5큰술
215,설탕,3큰술
215,참기름,약간
215,다진대파,3큰술
215,생강즙,1작은술
215,꼬치,20개
215,깨소금,약간
215,다진마늘,2큰술
214,소고기,200g
214,가래떡,300g
214,꽃상추,4장
214,피망,1개
214,간장,3큰술
214,참기름,약간
214,다진대파,1큰술
214,다진마늘,1큰술
214,후춧가루,약간
214,깨소금,약간
214,설탕,1큰술
213,후춧가루,약간
213,토마토케찹,1큰술
213,맛술,1작은술
213,고추장,1작은술
213,돼지고기,200g
213,마늘,5톨
213,모짜렐라치즈,50g
213,양파,1/2개
213,표고버섯,2장
213,피망,1/2개
213,올리브오일,1큰술
213,소금,1/4작은술
212,밀가루,2컵
212,멸치육수,6컵
212,소금,1작은술
212,물,3/4컵
212,간장,2큰술
212,고춧가루,1큰술
212,깨소금,1큰술
212,참기름,1/2큰술
212,홍고추,1개
212,풋고추,1개
212,다진마늘,1/2큰술
212,다진대파,1큰술
212,후춧가루,1/4작은술
212,감자,1/2개
212,호박,1/2개
212,소금,1작은술
212,녹차분말,1작은술
211,닭,1마리
211,계란,1개
211,대파,1뿌리
211,홍고추,1/2개
211,간장,5큰술
211,참기름,약간
211,꼬치,4개
211,생강즙,1큰술
211,청주,1큰술
211,다시물,4큰술
211,설탕,2큰술
210,우유,5컵
210,식초,1큰술
210,간장,2큰술
210,다진양파,1큰술
210,참기름,1/2큰술
210,홍고추,1큰술
210,청고추,1큰술
209,돼지고기,200g
209,깻잎,9장
209,소금,1/4작은술
209,식용유,약간
209,밀가루,2큰술
209,계란,1개
209,후춧가루,약간
209,생강즙,2작은술
208,닭,1/2마리
208,대파,1뿌리
208,마늘,3쪽
208,생강,1쪽
208,물,6컵
208,도라지,50g
208,참기름,약간
208,미나리,30g
208,밀가루,1과1/2큰술
208,계란,1개
208,쇠고기,150g
208,소금,약간
208,말린표고버섯,2장
207,양상추,10장
207,물,3큰술
207,부추,100g
207,고구마,1개
207,찹쌀가루,1/2컵
207,밀가루,1/2컵
207,얼음물,1컵
207,계란,1개
207,다진마늘,1작은술
207,설탕,1작은술
207,간장,1작은술
207,참기름,약간
207,후춧가루,약간
207,식용유,적당량
207,고추장,2큰술
207,토마토케찹,2큰술
207,물엿,1큰술
207,말린표고버섯,200g
206,꽃게,2마리
206,고춧가루,약간
206,오징어,1마리
206,모시조개,20개
206,양파,1개
206,풋고추,2개
206,홍고추,2개
206,미나리,100g
206,쑥갓,100g
206,무,200g
206,다진마늘,1큰술
206,대파,1뿌리
206,생강즙,1작은술
206,소금,약간
206,대하,4마리
205,스파게티면,80g
205,설탕,1작은술
205,양송이버섯,3개
205,소금,약간
205,식용유,약간
205,신백후추,약간
205,고추장,2큰술
205,양파,1/2개
205,호두,20g
205,물,1/2컵
205,토마토케찹,2큰술
205,식용유,1큰술
205,다진마늘,1/2큰술
205,배추김치,15g
205,호박,1/4개
204,양고기,150g
204,곱창,150g
204,고사리,100g
204,대파,4뿌리
204,소금,약간
204,물,8컵
204,쇠고기,200g
204,고춧가루,1큰술
204,진간장,1큰술
204,다진마늘,2큰술
204,참기름,1과1/2큰술
204,깨소금,1큰술
204,후춧가루,1/4작은술
204,고추장,1큰술
203,마늘,1쪽
203,무,60g
203,물,2와1/2컵
203,홍고추,1개
203,소금,약간
203,명란,100g
203,두부,1/2모
203,생강즙,1작은술
203,대파,약간
203,진간장,1작은술
202,쇠고기,200g
202,무,200g
202,물,6컵
202,대파,1대
202,마늘,2쪽
202,실파,4뿌리
202,소금,약간
202,진간장,1큰술
202,다진대파,1큰술
202,다진마늘,1/2큰술
202,참기름,1작은술
202,후춧가루,약간
202,국간장,2작은술
201,생선살,150g
201,새우,100g
201,배추김치,50g
201,풋고추,1개
201,홍고추,1/2개
201,식용유,적당량
201,밀가루,3큰술
201,녹말,3큰술
201,소금,1작은술
201,후춧가루,약간
201,깻잎,8장
201,계란,1개
200,청고추,600g
200,물,3컵
200,간장,2컵
200,설탕,2컵
200,소금,60g
200,생강,2개
199,쌀,1컵
199,잣,1/2컵
199,소금,약간
199,대추,1개
199,물,4컵
198,통후추,약간
198,생새우,70g
198,콘푸라이트,10g
198,계란,1/2개
198,생크림,1큰술
198,당근,15g
198,호박,15g
198,죽순,10g
198,만두피,12장
198,소금,약간
197,왜된장,2와1/2큰술
197,멸치육수,4컵
197,실파,4뿌리
197,미역,10g
197,두부,50g
196,모시조개,150g
196,죽순,1쪽
196,소금,약간
196,레몬,1/4쪽
196,대파,1뿌리
195,어묵,150g
195,대파,1뿌리
195,홍고추,1개
195,청주,1큰술
195,멸치다시마육수,4컵
195,간장,2큰술
195,맛술,1큰술
195,소금,약간
194,밥,2공기
194,계란,4개
194,말린표고버섯,2개
194,당근,30g
194,미나리,10줄기
194,다시마,1조각
194,식용유,약간
194,오이,1/2개
194,식초,1큰술
194,설탕,1큰술
194,소금,1/2작은술
194,소금,약간
193,찹쌀,2컵
193,멥쌀,1컵
193,팥,1/2컵
193,대추,4알
193,소금,1작은술
193,밤,4톨
193,팥끓인물,2컵
192,배추김치,5장
192,깨소금,1작은술
192,양배추,4장
192,근대,4장
192,밥,2공기
192,쇠고기,150g
192,소금,약간
192,후춧가루,약간
192,식용유,약간
192,간장,1큰술
192,다진대파,1큰술
192,설탕,1/2큰술
192,마늘,1/2큰술
192,참기름,1작은술
192,깻잎,4장
191,시금치,300g
191,말린새우,30g
191,소금,약간
191,된장,3큰술
191,다진마늘,1큰술
191,물,7컵
190,멥쌀,2컵
190,찹쌀,1/2컵
190,밤,10톨
190,물,적당량
190,대추,10알
190,잣,20g
190,송이버섯,2개
190,은행,10알
189,오이,4개
189,양파,1/2개
189,홍고추,2개
189,정향,4개
189,통후추,5알
189,월계수잎,2장
189,통계피,10g
189,통생강,1개
189,소금,5큰술
189,물,4컵
189,식초,3컵
189,설탕,1컵
189,당근,1/2개
189,절임용 소금물,1컵
189,물,5컵
188,오징어,1마리
188,쇠고기,100g
188,풋고추,1개
188,홍고추,1개
188,대파,1/3대
188,참기름,1/4작은술
188,간장,1작은술
188,후춧가루,약간
188,고추장,2큰술
188,고춧가루,1/2큰술
188,마늘,2작은술
188,물,3컵
187,양배추,100g
187,모시조개,1봉지
187,된장,4큰술
187,멸치,한줌
187,실파,1뿌리
187,물,6컵
187,다시마,1장
187,다진마늘,1큰술
186,찬밥,1공기
186,옥수수,200g
186,소금,1/2작은술
186,식용유,3컵
186,녹말가루,6큰술
186,물,1큰술
186,설탕,1/2컵
186,계란,1/2개
185,피망,1/2개
185,계란,1개
185,다진마늘,약간
185,밀가루,5큰술
185,소금,약간
185,당근,1/4개
185,포도씨유,약간
185,배추김치,1/6포기
185,감자,1개
185,두부,1/4모
185,후춧가루,약간
184,봄동,150g
184,바지락,100g
184,홍고추,1개
184,실파,3뿌리
184,식용유,2큰술
184,후춧가루,약간
184,청주,1큰술
184,물,1/2컵
184,굴소스,1/2큰술
184,소금,약간
184,다진마늘,1큰술
183,닭고기,200g
183,명란젓,2개
183,마요네즈,1큰술
183,김,1/2장
183,계란,1개
183,당근,30g
183,식용유,약간
183,소금,약간
183,후춧가루,약간
183,녹말가루,약간
183,밀가루,약간
183,빵가루,약간
183,대파,1/2대
182,쑥,50g
182,표고버섯,3장
182,양송이,50g
182,다진마늘,1작은술
182,느타리버섯,50g
182,설탕,약간
182,소금,약간
182,후춧가루,약간
182,식용유,약간
182,간장,2작은술
181,달래,50g
181,두부,1/2모
181,말린표고버섯,1장
181,홍고추,1개
181,청양고추,1개
181,바지락,약간
181,대파,1/4뿌리
181,된장,2큰술
181,국물용멸치,한줌
181,물,3컵
181,다진마늘,1작은술
180,치커리,약간
180,케일,약간
180,겨자잎,약간
180,참기름,1/2큰술
180,밥,2공기
180,소금,약간
180,흑임자,약간
180,건새우가루,1큰술
180,된장,3큰술
180,고추장,1큰술
180,청고추,1/2개
180,홍고추,1/2개
180,설탕,1/2큰술
180,참기름,약간
180,다진마늘,1/2큰술
180,청경채,약간
179,쌀,2컵
179,물,1과 1/3컵
179,콩나물,500g
179,돼지고기,150g
179,참기름,2큰술
179,풋고추,1큰술
179,취나물,150g
179,진간장,6큰술
179,다진대파,2큰술
179,다진마늘,1½큰술
179,깨소금,1큰술
179,무,1/5개
178,찹쌀,2컵
178,팥,2/3컵
178,소금,1/2작은술
178,밤,5톨
178,대추,5알
177,떡국떡,2컵
177,다시마,1장
177,다진마늘,약간
177,물,7컵
177,계란,1개
177,소금,약간
177,대파,1/4뿌리
177,말린표고버섯,3장
177,간장,약간
176,오징어,1마리
176,당근,1/2개
176,새우,4마리
176,조개살,150g
176,양파,1개
176,청피망,1개
176,홍피망,1개
176,당면,50g
176,간장,1큰술
176,설탕,1작은술
176,참기름,1큰술
176,식용유,약간
176,소금,약간
176,굴소스,1큰술
176,낙지,1마리
175,다짐육 소고기,400g
175,참기름,1작은술
175,무,200g
175,당근,200g
175,밤,10톨
175,소금,1/2작은술
175,후춧가루,1/4작은술
175,깨소금,1/4작은술
175,참기름,1/2작은술
175,물,3컵
175,간장,3큰술
175,설탕,1과1/2큰술
175,다진대파,1큰술
175,다진마늘,1/2큰술
175,깨소금,1/2큰술
175,두부,100g
174,물,7컵
174,다시마,1장
174,무,200g
174,국간장,2작은술
174,소금,1작은술
174,실파,약간
174,두부,1모
174,다짐육 소고기,100g
174,소금,1/2작은술
174,후춧가루,1/4작은술
174,후춧가루,1/4작은술
173,찹쌀,5컵
173,멥쌀,5컵
173,밀가루,적당량
173,팥,4컵
173,소금,2큰술
173,물,10큰술
172,닭고기,1마리
172,물,4큰술
172,후춧가루,1큰술
172,정종,1큰술
172,감자전분,5큰술
172,계란,1/2개
172,대파,1/2개
172,홍고추,2개
172,청고추,1개
172,생강,1쪽
172,마늘,3쪽
172,간장,3큰술
172,설탕,2큰술
172,식초,2큰술
172,소금,1큰술
171,생강,10개
171,통계피,100g
171,물,20컵
171,잣,2큰술
171,곶감,10개
171,호두,10알
171,황설탕,280g
170,멥쌀,10컵
170,참기름,약간
170,쑥,20g
170,소금,2큰술
169,가래떡,500g
169,사골육수,8컵
169,대파,1뿌리
169,쇠고기,100g
169,계란,1개
169,소금,약간
169,후춧가루,약간
169,설탕,1/2큰술
169,다진대파,2작은술
169,다진마늘,1작은술
169,깨소금,1작은술
169,참기름,1작은술
169,간장,1큰술
168,어묵,2개
168,닭고기,100g
168,표고버섯,1장
168,오이,1/4개
168,물,1컵
168,후춧가루,약간
168,녹말,약간
168,간장,2큰술
168,청주,1큰술
168,소금,약간
167,참기름,1큰술
167,깨소금,1큰술
167,설탕,약간
167,소금,약간
167,다진마늘,1/2큰술
167,들기름,2큰술
167,국간장,1큰술
167,다진대파,1큰술
167,고구마줄기,25g
166,밀가루,150g
166,버터,150g
166,물,3큰술
166,삶은팥,1컵
166,소금,약간
166,슈가파우더,약간
166,설탕,50g
166,계란,1개
166,아몬드가루,50g
165,팥,300g
165,쌀,1과1/2컵
165,물,18컵
165,찬물,3/4컵
165,찹쌀,1과1/3컵
165,쌀가루,2/3컵
165,소금,약간
164,찬밥,1공기
164,양파,1/4개
164,당근,30g
164,실파,2뿌리
164,식용유,약간
164,계란,1개
164,소금,약간
164,후춧가루,약간
164,날콩가루,약간
164,두부,50g
163,가래떡,1줄
163,고추장,1큰술
163,간장,1작은술
163,다진마늘,1작은술
163,토마토케찹,1큰술
163,브로콜리,약간
163,참기름,1작은술
163,파프리카,1/2개
163,꼬치,3개
163,파프리카,1/2개
163,설탕,2작은술
162,누룽지,3조각
162,물,1과1/2큰술
162,죽순,30g
162,새우,100g
162,완두콩,2큰술
162,홍고추,2개
162,마늘,3쪽
162,소금,약간
162,식용유,2큰술
162,새우,1과1/2컵
162,설탕,6큰술
162,간장,3/4큰술
162,식초,4큰술
162,녹말,1과1/2큰술
162,표고버섯,2장
161,간장,2큰술
161,후춧가루,⅛작은술
161,깨소금,1/4작은술
161,통깨,약간
161,깻잎,3장
161,다진파슬리,약간
161,샐러리,약간
161,오징어,2마리
161,쇠고기,70g
161,표고버섯,2장
161,당근,30g
161,두부,50g
161,당면,30g
161,피망,40g
161,양상추,30g
161,설탕,1/2큰술
161,다진대파,2큰술
161,다진마늘,1큰술
161,참기름,1큰술
161,식초,2작은술
160,닭,500g
160,식용유,약간
160,간장,1큰술
160,청주,1큰술
160,식용유,1큰술
160,소금,약간
160,생강즙,1작은술
160,다진대파,2큰술
160,후춧가루,약간
160,녹말가루,3큰술
160,튀김가루,3큰술
160,다진마늘,1큰술
159,배추김치,1/8포기
159,식용유,약간
159,죽순,50g
159,양송이버섯,2개
159,피망,1/2개
159,건고추,1개
159,대파,1/2뿌리
159,마늘,2톨
159,생강,1/3개
159,청주,1큰술
159,소금,약간
159,후추,약간
159,참기름,약간
159,간장,1작은술
159,돼지고기,80g
158,고추장,1큰술
158,양파,1/4개
158,마늘,5톨
158,된장,3큰술
158,고춧가루,1큰술
158,참기름,1작은술
158,파,1/5뿌리
157,느타리버섯,800g
157,쇠고기,100g
157,배,1/4개
157,오이,1/2개
157,당근,1/2개
157,소금,약간
157,후춧가루,약간
157,참기름,2큰술
157,통깨,약간
157,간장,2큰술
157,꿀,1큰술
157,다진대파,1작은술
157,다진마늘,1/2작은술
157,참기름,약간
157,식용유,1큰술
157,설탕,1/2작은술
157,간장,2/3큰술
157,당면,100g
157,양파,1/2개
156,고등어,1마리
156,무,1/3개
156,대파,1/2뿌리
156,간장,2큰술
156,고추장,1큰술
156,고춧가루,1큰술
156,물,2/3컵
156,청주,1큰술
156,다진대파,3큰술
156,다진마늘,2큰술
156,생강즙,1큰술
156,후춧가루,1/4작은술
156,실고추,약간
156,설탕,1큰술
155,쇠고기,100g
155,후춧가루,약간
155,팽이버섯,40g
155,실파,2뿌리
155,홍고추,3개
155,물,3컵
155,국간장,1작은술
155,소금,약간
155,간장,1큰술
155,설탕,1작은술
155,다진대파,1작은술
155,다진마늘,1/2큰술
155,참기름,1큰술
155,깨소금,1/2큰술
155,목이버섯,5g
154,토란,300g
154,쇠고기,200g
154,다시마,15cm
154,무,200g
154,소금,약간
154,국간장,1큰술
154,다진마늘,1큰술
154,후춧가루,약간
154,참기름,약간
154,대파,1/2뿌리
153,쇠고기,150g
153,표고버섯,3장
153,도라지,100g
153,당근,1개
153,오이,1개
153,식용유,약간씩
153,후추,약간
153,설탕,1큰술
153,다진대파,1큰술
153,다진마늘,2작은술
153,깨소금,2작은술
153,참기름,1작은술
153,진간장,2큰술
152,석이버섯,4장
152,느타리버섯,200g
152,실고추,약간
152,간장,2작은술
152,다진대파,1큰술
152,다진마늘,1/2큰술
152,참기름,1작은술
152,깨소금,1작은술
152,후춧가루,약간
152,포도씨유,약간
152,녹두,2컵
152,물,1과1/3컵
152,소금,1작은술
152,돼지고기,100g
152,숙주,100g
152,대파,1/4뿌리
151,멥쌀,2되
151,소금,2큰술
151,쑥,300g
151,대추,10알
151,솔잎,약간
151,참기름,약간
151,계피가루,약간
151,소금,약간
151,깨,1/2컵씩
151,녹두,1/2컵씩
151,꿀,2큰술
151,설탕,2큰술
151,물,10컵
151,풋콩,1컵
150,배추,200g
150,무,1/4개
150,쇠고기,60g
150,물,8컵
150,대파,1/2뿌리
150,식용유,약간
150,후춧가루,약간
150,된장,2큰술
150,소금,약간
150,다진대파,1작은술
150,다진마늘,1작은술
150,참기름,1작은술
150,깨소금,1작은술
150,고추장,2작은술
149,돼지고기,300g
149,소금,¼작은술
149,생강즙,2작은술
149,홍고추,5개
149,꼬치, 
149,찹쌀가루,3큰술
149,후추,약간
149,식용유,약간
149,무순,1봉
148,강력분,300g
148,드라이이스트,6g
148,설탕,30g
148,소금,5g
148,계란,1개
148,검은깨,1큰술
148,버터,45g
148,오렌지마멀레이드,100g
148,건포도,약간
148,계란,½개
148,우유,½컵
148,우유,150ml
147,깻잎,10장
147,찹쌀가루,4큰술
147,참기름,1작은술
147,통후추,약간
147,소금,약간
147,고춧가루,3큰술
147,대파,1대
147,진간장,½큰술
147,설탕,1작은술
147,아귀,500g
147,미더덕,120g
147,콩나물,300g
147,미나리,50g
147,고추장,1큰술
146,곱창,300g
146,밀가루,약간
146,대파,1뿌리
146,마늘,2쪽
146,생강,1톨
146,물,6컵
146,당근,⅓개
146,양배추,100g
146,양파,1개
146,표고버섯,4장
146,미나리,60g
146,우동면,100g
146,쑥갓,약간
146,소금,약간
146,후추,약간
146,고춧가루,1큰술
146,고추장,1큰술
146,간장,1큰술
146,다진대파,2큰술
146,양,150g
145,햄,150g
145,다진마늘,1작은술
145,베이컨,5장
145,배추김치,1/2포기
145,두부,1/3모
145,홍고추,2개
145,청고추,2개
145,깻잎,10장
145,스파게티면,50g
145,쑥갓,약간
145,양송이버섯,2개
145,물,4컵
145,고춧가루,3큰술
145,고추장,1작은술
145,설탕,1큰술
145,다진대파,1큰술
145,프랑크소시지,2개
144,감자,2개
144,당근,1개
144,양파,1개
144,샐러리,2대
144,양송이버섯,8개
144,후춧가루,약간
144,물,6컵
144,월계수잎,1장
144,버터,2큰술
144,소금,약간
144,홀토마토,4개
143,시금치,70g
143,양송이버섯,4개
143,베이컨,4장
143,파마산치즈가루,1큰술
143,후춧가루,약간
143,레몬주스,1/2컵
143,올리브오일,1과 1/2컵
143,소금,약간
143,레몬드레싱,4큰술
142,다진양파,1작은술
142,올리브오일,2큰술
142,훈제연어,160g
142,케이퍼,약간
142,적배추,30g
142,양파,30g
142,앤다이브,40g
141,사과,1개
141,자몽,1개
141,연두오렌지,4큰술
141,오이,1개
141,딸기,4개
141,샐러리,1대
140,컬리플라워,200g
140,오징어,1마리
140,소금,약간
140,마요네즈,3큰술
140,머스터드,2작은술
140,새우,8마리
139,양상추,50g
139,소금,약간
139,수삼,1뿌리
139,배,1/4개
139,밤,4개
139,대추,2개
139,오이,1/4개
139,머스터드,2작은술
139,마요네즈,3큰술
139,설탕,약간씩
139,후춧가루,약간
139,레몬즙,1큰술
139,설탕,1큰술
139,요리술,약간
139,닭고기,100g
138,밥,4공기
138,다진마늘,약간
138,느타리버섯,100g
138,표고버섯,3장
138,양송이버섯,3개
138,목이버섯,6장
138,팽이버섯,1/2봉지
138,양파,1/2개
138,당근,1/3개
138,미나리,3줄기
138,간장,2큰술
138,들깨,1큰술
138,멸치육수,약간
138,녹말가루,2큰술
138,참기름,1작은술
138,후춧가루,약간
138,간장,2작은술
138,설탕,1작은술
138,청주,1~2큰술
138,쇠고기,80g
137,식빵,4장
137,쇠고기,200g
137,양상추,4잎
137,토마토,1개
137,후춧가루,약간
137,슬라이스치즈,4장
137,버터,2큰술
137,겨자,2작은술
137,소금,1/4작은술
137,피클,4개
136,후르츠칵테일,50g
136,은박컵,1개
136,감자,2개
136,파슬리가루,약간
136,우유,3큰술
136,설탕,4작은술
136,계피가루,1/2작은술
136,버터,3큰술
135,유부,10장
135,계란,4개
135,물,1컵
135,간장,1작은술
135,맛살,30g
135,설탕,1작은술
135,소금,1작은술
135,후춧가루,약간
135,실파,12뿌리
135,소금,1작은술
134,밥,300g
134,청피망,30g
134,당근,30g
134,식용유,약간
134,소금,약간
134,간장,1큰술
134,설탕,1/2큰술
134,다진대파,2작은술
134,다진마늘,1작은술
134,참기름,1작은술
134,후춧가루,약간
134,상추,2장
134,깨소금,약간
134,파슬리,10g
134,토마토,1개
134,쇠고기,100g
133,닭고기,2마리
133,찹쌀,1/2컵
133,마늘,4쪽
133,대추,4개
133,후춧가루,약간
133,대파,1뿌리
133,생강,1쪽
133,물,8컵
133,소금,약간
133,수삼,4뿌리
132,스파게티면,150g
132,생크림,3/4컵
132,햄,10g
132,베이컨,10g
132,바질,1/2작은술
132,후춧가루,약간
132,화이트와인,약간
132,버터,7g
132,소금,약간
132,우유,1컵
132,양파,5g
131,배,1/4쪽
131,잣가루,1작은술
131,오이,1/2개
131,잣,약간
131,상추,4장
131,쇠고기,30g
131,참기름,1작은술
131,깨소금,1작은술
131,후춧가루,1/2작은술
131,설탕,1과1/2작은술
131,계란,1개
131,간장,2와1/2작은술
130,두부,1/2모
130,홍고추,약간
130,간장,1과1/2큰술
130,설탕,1/2큰술
130,실고추,약간
130,후춧가루,약간
130,통깨,약간
130,참기름,약간
130,물엿,1/2큰술
129,골뱅이,200g
129,소면,100g
129,대파,30g
129,양파,50g
129,당근,30g
129,샐러리,½대
129,고추장,3큰술
129,고춧가루,3큰술
129,식초,3큰술
129,진간장,1큰술
129,설탕,1과½큰술
129,깨소금,1큰술
129,참기름,1큰술
129,다진마늘,2큰술
129,오이,50g
128,쇠고기,300g
128,양파,1개
128,다진대파,1큰술
128,다진마늘,1/2큰술
128,밀가루,약간
128,설탕,2큰술
128,깨소금,약간
128,참기름,1큰술
128,후춧가루,1작은술
128,간장,3큰술
127,소고기,400g
127,팽이버섯,2봉지
127,당근,1토막
127,부추,150g
127,멸치육수,5컵
127,물,4컵
127,맛술,2큰술
127,술,3큰술
127,깨소금,4큰술
127,된장,1큰술
127,설탕,1큰술
127,간장,2큰술
127,다시마,15cm
126,가지,1개
126,마른새우,20g
126,식용유,1큰술
126,진간장,1작은술
126,소금,약간
126,다진마늘,1작은술
126,참기름,1/2큰술
126,깨소금,1/2큰술
126,다진대파,1작은술
125,식용유,약간
125,간장,2큰술
125,설탕,2작은술
125,미림,1큰술
125,건고추,1개
125,녹말가루,1/3컵
125,물,1/2컵
125,고등어,1마리
125,소금,1/2작은술
125,청주,1큰술
125,생강,1쪽
124,도토리묵,1/2모
124,청포묵,1/2모
124,오이,1/2개
124,게맛살,1개
124,깨소금,1작은술
124,설탕,1작은술
124,식초,1큰술
124,홍고추,1개
124,참기름,1작은술
124,간장,2큰술
123,쪽파,100g
123,양파,1/4개
123,돼지고기,80g
123,청주,1작은술
123,간장,1큰술
123,생강,1쪽
123,참기름,1작은술
123,마늘,2쪽
123,생강,1쪽
123,식용유,3큰술
123,후춧가루,약간
123,소금,1/2작은술
123,파,1/2뿌리
122,감자,1개
122,청고추,2개
122,홍고추,1개
122,식용유,2와1/2큰술
122,신백후추,약간
122,참기름,1큰술
122,설탕,1작은술
122,소금,1/2작은술
122,간장,1큰술
121,꽁치,2마리
121,소금,1/2작은술
121,실파,1뿌리
121,생강,1쪽
121,설탕,2큰술
121,청주,3큰술
121,물,2큰술
121,간장,4큰술
120,계란,4개
120,소면,100g
120,새우,200g
120,게맛살,2개
120,치커리,약간
120,소금,약간
120,멸치다시마육수,1/2컵
120,간장,2큰술
120,맛술,1큰술
120,와사비,약간
120,무,약간
120,미나리,약간
119,당근,1/8개
119,햄,30g
119,게맛살,2개
119,다진마늘,1큰술
119,대파,1/2뿌리
119,고춧가루,2큰술
119,홍고추,1개
119,깨소금,약간
119,라면,4개
119,배추김치,1/4포기
119,표고버섯,4개
119,콩나물,50g
119,청고추,1개
119,참기름,약간
118,밥,800g
118,계란,2개
118,돼지고기,200g
118,당근,50g
118,식용유,약간
118,표고버섯,4장
118,대파,1뿌리
118,소금,약간
118,후춧가루,약간
118,양파,1개
117,두부,1모
117,미역,100g
117,양파,1/2개
117,통깨,1큰술
117,간장,1/4컵
117,참기름,1큰술
117,설탕,1큰술
117,홍고추,1/2개
116,양배추,4장
116,소고기,100g
116,돼지고기,100g
116,양파,1/4개
116,당근,1/4개
116,간장,1/2큰술
116,소금,1/3작은술
116,후춧가루,약간
116,넛맥,1/5작은술
116,빵가루,1/3컵
116,물,2컵
116,계란,1/2개
115,계란,4개
115,우유,2큰술
115,소금,1/3작은술
115,토마토케찹,약간
115,식용유,1큰술
115,버터,1큰술
115,후춧가루,약간
114,두부,1모
114,배추김치,1/2포기
114,다진대파,1큰술
114,소금,약간
114,깻잎,10장
114,깨소금,1큰술
114,참기름,1큰술
114,다진마늘,1/2큰술
113,소금,1큰술
113,양파,1개
113,호박,1/2개
113,대파,2뿌리
113,청고추,2개
113,홍고추,2개
113,낙지,2마리
113,고춧가루,1/2큰술
113,간장,1큰술
113,참기름,1/2큰술
113,생강즙,약간
113,설탕,1작은술
113,깨소금,1큰술
113,고추장,2큰술
112,배추김치,200g
112,소고기,100g
112,표고버섯,5장
112,통도라지,100g
112,소금,약간
112,계란,3개
112,식용유,3큰술
112,참기름,약간
112,밀가루,1/2컵
111,꽁치,1통
111,무,50g
111,진간장,2큰술
111,생강즙,약간
111,식용유,1큰술
111,다진마늘,1작은술
111,고춧가루,1/2큰술
111,물,1/2컵
111,다진대파,1큰술
110,쌀,3컵
110,식초,3큰술
110,설탕,1큰술
110,소금,1작은술
110,고추냉이,약간
110,오징어,150g
110,문어,100g
110,새우,8마리
110,참치,150g
109,돼지갈비,600g
109,생강즙,2큰술
109,소주,2큰술
109,진간장,5큰술
109,다진대파,2큰술
109,깻잎,조금
109,고춧가루,1큰술
109,설탕,2큰술
109,깨소금,조금
109,상추,조금
109,다진마늘,1큰술
108,부추,1단
108,청고추,2개
108,소금,약간
108,밀가루,3컵
108,계란,1개
108,홍고추,2개
107,쇠고기,500g
107,진간장,4큰술
107,배즙,4큰술
107,설탕,2큰술
107,참기름,1큰술
107,다진마늘,1큰술
107,깨소금,1큰술
107,후춧가루,약간
107,다진대파,3큰술
106,메주콩,1컵
106,계란,4개
106,칵테일새우,4개
106,어묵,10g
106,잣,약간
106,소금,약간
106,새우젓,약간
106,실파,약간
106,통깨,약간
106,은행,4알
105,물,6큰술
105,물,6큰술
105,간장,2큰술
105,당근,1/3개
105,설탕,2큰술
105,식용유,2컵
105,죽순,1/4개
105,계란,1개
105,표고버섯,3장
105,돼지고기,300g
105,녹말가루,1큰술
105,청피망,1개
105,식초,2큰술
105,녹말가루,2작은술
105,홍피망,1개
104,애호박,1개
104,소금,약간
104,밀가루,2큰술
104,식용유,3큰술
104,진간장,1큰술
104,식초,1작은술
104,쑥갓,약간
104,계란,2개
103,죽순,50g
103,쇠고기,50g
103,술,1작은술
103,간장,1작은술
103,녹말가루,1작은술
103,마늘종,30g
103,후춧가루,약간
103,식용유,1큰술
103,참기름,1작은술
103,다진마늘,1작은술
103,생강즙,1작은술
103,소금,약간
102,마른오징어,2마리
102,물,2컵
102,참기름,1큰술
102,청고추,5개
102,후춧가루,약간
102,설탕,1큰술
102,다진마늘,1큰술
102,깨소금,약간
102,다진대파,1큰술
102,진간장,4큰술
101,감자,3개
101,멸치,100g
101,꽈리고추,10개
101,깨소금,약간
101,진간장,3큰술
101,물엿,1큰술
101,청주,1큰술
101,식용유,3큰술
100,더덕,200g
100,간장,1큰술
100,참기름,1작은술
100,고추장,2큰술
100,물,2큰술
100,설탕,1큰술
100,고춧가루,1/2큰술
100,다진대파,1큰술
100,다진마늘,1작은술
100,깨소금,1작은술
100,설탕,1큰술
99,배추,1/4통
99,소금,5큰술
99,다진대파,2큰술
99,다진마늘,1큰술
99,다진생강,1/2큰술
99,참기름,약간
99,진간장,1큰술
99,새우젓,1큰술
99,설탕,2큰술
99,통깨,1작은술
99,고춧가루,1/4컵
98,닭,1마리
98,진간장,4큰술
98,마늘,2작은술
98,후춧가루,약간
98,깨소금,약간
98,고추장,2큰술
98,물엿,2큰술
98,소주,3큰술
98,녹말,4큰술
97,계란,4개
97,다진대파,1큰술
97,다진마늘,1작은술
97,다시마,5cm
97,후춧가루,약간
97,물,1컵
97,식용유,2큰술
97,소금,1작은술
96,냉이,100g
96,모시조개,1컵
96,된장,3큰술
96,소금,약간
96,대파,1뿌리
96,마늘,3쪽
96,물,10컵
96,다시마,10cm
95,오이,2개
95,소금,2작은술
95,다진대파,1큰술
95,실고추,약간
95,깨소금,1/2큰술
95,참기름,1큰술
95,다진마늘,1/2큰술
94,실파,1단
94,생굴,1/2컵
94,홍합,1/2컵
94,조갯살,1/2컵
94,멥쌀,1컵
94,계란,2개
94,식용유,약간
94,소금,약간
94,밀가루,1컵
93,연근,300g
93,식용유,2큰술
93,통깨,1작은술
93,물,5큰술
93,설탕,1큰술
93,청주,1큰술
93,진간장,3큰술
92,쇠고기,400g
92,대파,1/2뿌리
92,마늘,1통
92,생강,1쪽
92,참기름,약간
92,계란,4개
92,홍고추,2개
92,진간장,1컵
92,설탕,1/4컵
92,물,4컵
91,콩,2컵
91,설탕,1/2컵
91,참기름,약간
91,깨소금,약간
91,물,1컵
91,간장,1컵
90,오이,10개
90,고추장,1/2컵
90,홍고추,1개
90,실파,1뿌리
90,설탕,1작은술
90,고춧가루,1/2큰술
90,참기름,1작은술
90,깨소금,1작은술
90,다진마늘,1큰술
89,깻잎,100장
89,진간장,1컵
89,고춧가루,2큰술
89,실고추,5g
89,마늘,5쪽
89,생강,1쪽
89,깨소금,2큰술
89,파,2뿌리
88,실고추,5g
88,미나리,1/2단
88,절임용 소금물,3컵
88,물,12컵
88,말린표고버섯,2개
88,통생강,1개
88,소금물,6큰술
88,물,30컵
88,배추,5포기
88,무,2개
88,밤,10개
88,배,3개
88,대추,10개
88,다진마늘,4큰술
88,석이버섯,약간
88,대파,2뿌리
88,잣,2큰술
87,실파,2단
87,까나리액젓,1컵
87,다진마늘,1과 1/2작은술
87,깨소금,2큰술
87,고춧가루,1컵
87,설탕,2큰술
87,소금,약간
87,다진생강,1작은술
86,부추,4단
86,다진마늘,3큰술
86,생강,1/2쪽
86,소금,약간
86,멸치젓,1/2컵
86,고춧가루,1/2컵
86,설탕,1큰술
86,홍고추,3개
85,쇠고기,800g
85,무,400g
85,물,10컵
85,후추,약간
85,다진대파,2큰술
85,다진마늘,1큰술
85,참기름,1작은술
85,국간장,3큰술
84,쇠고기,600g
84,무,400g
84,당면,100g
84,대파,2뿌리
84,통마늘,6쪽
84,후추,약간
84,국간장,3큰술
84,다진대파,1큰술
84,청주,1큰술
84,참기름,약간
84,소금,약간
83,도가니,1/2개
83,쇠고기,400g
83,물,20컵
83,생강,1/2큰술
83,소금,1큰술
83,파,2뿌리
83,후추,약간
83,고춧가루,4큰술
83,다진마늘,3큰술
83,진간장,2큰술
83,생강,1작은술
83,소금,1큰술
83,다진대파,4큰술
82,양지머리,600g
82,파,1뿌리
82,마늘,1통
82,밀면,100g
82,도가니,1개
82,후추,약간
82,물,20컵
82,소뼈,300g
82,사골,1개
82,소금,약간
81,쇠고기,400g
81,양고기,600g
81,무,400g
81,대파,2뿌리
81,마늘,8쪽
81,국간장,4큰술
81,참기름,약간
81,후추,약간
81,소면,100g
81,다진대파,1큰술
81,다진마늘,1큰술
81,진간장,4큰술
81,소금,약간
80,밥,4공기
80,콩나물,300g
80,배추김치,200g
80,다진마늘,1큰술
80,실파,1뿌리
80,새우젓,약간
80,청고추,2개
80,깨소금,1큰술
80,김,2장
80,계란,4개
80,사골육수,2컵
80,장조림,80g
79,선지,400g
79,우거지,100g
79,콩나물,40g
79,된장,2큰술
79,고추장,1큰술
79,참기름,조금
79,진간장,4큰술
79,고춧가루,1큰술
79,다진마늘,1큰술
79,다진대파,4큰술
79,깨소금,조금
79,다진마늘,3큰술
78,낙지,2마리
78,소금,약간
78,쇠고기,80g
78,두부,1/4모
78,실파,5뿌리
78,표고버섯,3장
78,홍고추,2개
78,쑥갓,약간
78,계란,1개
78,밀가루,약간
78,소금,약간
78,식용유,약간
78,물,4컵
78,간장,2큰술
78,다진대파,2큰술
78,다진마늘,1작은술
78,깨소금,약간
78,참기름,약간
78,설탕,약간
78,새우,60g
77,진간장,2큰술
77,다진마늘,1큰술
77,후춧가루,조금씩
77,식용유,약간
77,소면,400g
77,소고기,200g
77,고춧가루,2큰술
77,애호박,1/2개
77,느타리버섯,100g
77,양파,1개
77,대파,2뿌리
77,물,8컵
77,소금,약간
77,배추,100g
76,소고기,200g
76,물,6컵
76,팽이버섯,1봉
76,표고버섯,3장
76,당근,1/4개
76,느타리버섯,2묶음
76,양파,1/2개
76,대파,1뿌리
76,어묵,30g
76,곤약,30g
76,무,30g
76,소면,200g
76,쑥갓,약간
76,다시마,1장
76,청주,1큰술
76,소금,약간
76,간장,3큰술
76,식초,3큰술
76,청주,3큰술
76,배추,5장
75,우거지,300g
75,배추,200g
75,된장,4큰술
75,마늘,2쪽
75,생강,1/3개
75,간장,1/2큰술
75,쇠고기,100g
75,청고추,2개
75,홍고추,1개
75,대파,1뿌리
75,쌀뜨물,9컵
75,식용유,1큰술
74,명란,8개
74,깨소금,약간
74,무,1/4개
74,콩나물,70g
74,대파,1뿌리
74,홍고추,1개
74,쑥갓,2줄기
74,물,4컵
74,간장,2큰술
74,다진대파,1큰술
74,다진마늘,1큰술
74,청주,1큰술
74,소금,약간
74,후춧가루,약간
74,고춧가루,2큰술
74,간장,1작은술
74,설탕,1/2작은술
74,다진마늘,약간
74,다진대파,약간
74,소고기,50g
73,물,10컵
73,소금,약간
73,조기,2마리
73,무,100g
73,고춧가루,3큰술
73,대파,1뿌리
73,마늘,3쪽
73,생강,1쪽
73,간장,3큰술
73,양파,1개
72,아귀,1마리
72,콩나물,50g
72,고사리,약간
72,미나리,한줌
72,싸리버섯,2개
72,깻잎,5장
72,물,10컵
72,홍고추,3개
72,대파,3뿌리
72,된장,4큰술
72,다진마늘,1큰술
72,고춧가루,약간
72,후춧가루,약간
72,청고추,3개
71,돼지고기,1kg
71,감자,4개
71,대파,2뿌리
71,물,6컵
71,마늘,4쪽
71,청정원맛선생,약간
71,간장,1큰술
71,고춧가루,1큰술
71,소주,1/2큰술
71,소금,조금
71,후춧가루,조금
71,생강,1쪽
70,꽃게,2마리
70,애호박,1/2개
70,무,1/3개
70,느타리버섯,20g
70,청고추,1개
70,홍고추,1개
70,후춧가루,약간
70,고추장,2큰술
70,고춧가루,2큰술
70,다진마늘,1/2큰술
70,다진생강,1작은술
70,국간장,2큰술
70,소금,약간
70,대파,1/2뿌리
69,갓,2단
69,무,300g
69,소금,1컵
69,실파,1단
69,고춧가루,1과1/2컵
69,물,1컵
69,생강,1/2쪽
69,멸치젓,1/2컵
69,깨소금,2큰술
69,밀가루,3큰술
69,마늘,5쪽
68,실파,1/2단
68,마늘,5쪽
68,대파,5개
68,베보자기,5개
68,갓,1/2단
68,무,10개
68,고추,20개
68,소금,3컵
68,물,10컵
67,무,2개
67,생굴,1컵
67,소금,조금
67,고춧가루,1컵
67,미나리,1/2단
67,설탕,1큰술
67,갓,1단
67,마늘,5쪽
67,새우젓,1/2컵
67,소금,1큰술
67,실파,1/2단
66,총각무,1단
66,소금,2컵
66,대파,2뿌리
66,고춧가루,1/2컵
66,다진마늘,5큰술
66,다진생강,2큰술
66,소금,2컵
66,새우젓,1/4컵
66,설탕,3큰술
66,찹쌀가루,3큰술
66,물,1컵
66,절임용 소금물,10컵
66,멸치젓,1/4컵
65,배추,1/2포기
65,미나리,30g
65,홍고추,2개
65,생강,1/2쪽
65,물,20컵
65,대파,2뿌리
65,마늘,5쪽
65,소금,1컵
65,고춧가루,1/2컵
65,무,1개
64,오이,10개
64,소금,약간
64,고춧가루,1컵
64,부추,1단
64,다진대파,1큰술
64,물,10컵
64,다진생강,1작은술
64,설탕,1큰술
64,진간장,3큰술
64,청주,1큰술
64,절임용 소금물,2컵
64,다진마늘,1큰술
63,열무,2단
63,열무,1단
63,소금,1/2컵
63,실파,50g
63,밀가루,2큰술
63,홍고추,13개
63,마늘,10쪽
63,생강,1쪽
63,물,18컵
63,청고추,3개
62,멸치젓,2컵
62,생강,3쪽
62,깨소금,1/2컵
62,소금,3컵
62,배추,10포기
62,소금,5컵
62,고춧가루,5컵
62,물,1컵
62,무,1개
62,갓,1/2단
62,미나리,1단
62,실파,1단
62,배,1개
62,대파,5뿌리
62,마늘,10쪽
62,설탕,1큰술
61,해파리,300g
61,게맛살,8개
61,오이,1개
61,토마토,2개
61,다진마늘,3큰술
61,참기름,1큰술
61,멸치육수,1/2컵
61,설탕,3큰술
61,간장,1/2큰술
61,소금,1큰술
61,식초,1/2컵
60,쌀,2와1/2컵
60,고춧가루,약간
60,청주,1작은술
60,소금,약간
60,식초,4큰술
60,설탕,3큰술
60,사골육수,20g
60,표고버섯,2장
60,멸치,10g
60,단무지,10g
60,간장,약간
60,물엿,약간
60,배추김치,20g
60,후춧가루,약간
60,깨소금,약간
60,참기름,약간
60,다시마,1장
59,유부,5장
59,우엉,1/3뿌리
59,소고기,30g
59,당근,1/4개
59,후춧가루,조금
59,간장,2큰술
59,청주,1큰술
59,설탕,1큰술
59,밥,1공기
58,통북어,2마리
58,콩나물,40g
58,두부,1/2모
58,계란,2개
58,대파,1뿌리
58,홍고추,1개
58,소금,약간
58,후춧가루,약간
58,참기름,약간
58,물,8컵
58,다진마늘,2작은술
57,간장,3큰술
57,고춧가루,1/2큰술
57,참기름,1/2큰술
57,깨소금,1/2큰술
57,흰콩,1과1/2컵
57,소금,약간
57,돼지고기,200g
57,배추,4장
57,다진대파,3큰술
57,다진마늘,2큰술
57,식용유,약간
57,물,1과1/2컵
56,배추김치,1/4포기
56,돼지고기,120g
56,가래떡,1컵
56,대파,1뿌리
56,생강즙,1/2작은술
56,참기름,1작은술
56,멸치육수,4컵
56,고춧가루,3큰술
56,다진마늘,1큰술
55,동태,1마리
55,무,300g
55,애호박,1/2개
55,두부,1/2모
55,청고추,3개
55,홍고추,3개
55,소금,약간
55,물,5컵
55,고추장,4큰술
55,고춧가루,1큰술
55,다진마늘,2큰술
55,다진생강,1작은술
55,대파,1뿌리
54,순두부,800g
54,돼지고기,100g
54,바지락,200g
54,배추김치,200g
54,양파,1/2개
54,대파,1/2뿌리
54,물,3컵
54,다진마늘,1큰술
54,계란,4개
54,소금,약간
54,후춧가루,약간
54,식용유,약간
54,고춧가루,2큰술
53,청국장,1컵
53,소고기,100g
53,무,1/6개
53,배추김치,1/4포기
53,물,4컵
53,대파,1/2뿌리
53,다진마늘,1큰술
53,김칫국물,약간
53,소금,약간
53,두부,1/2모
52,대파,1/2뿌리
52,소금,약간
52,파슬리,약간
52,고추장,1과1/2큰술
52,간장,1과1/2큰술
52,물엿,3큰술
52,청주,1큰술
52,다진마늘,1큰술
52,생강즙,1/2큰
52,깨소금,1큰술
52,참기름,1큰술
52,홍합,100g
52,청주,1큰술
51,돼지고기,600g
51,멸치액젓,2큰술
51,생강,1쪽
51,배추,1/2포기
51,무명실,약간
51,새우젓,2큰술
51,고춧가루,1/2큰술
51,다진대파,1큰술
51,다진마늘,1작은술
51,깨소금,약간
51,참기름,약간
51,무,200g
51,생굴,50g
51,미나리,15g
51,갓,20g
51,실파,5뿌리
51,고춧가루,3큰술
51,된장,2큰술
50,쇠고기,1.2kg
50,대파,2대
50,당근,1개
50,표고버섯,8장
50,밤,8개
50,계란,1개
50,홍고추,2개
50,은행,8알
50,잣,1큰술
50,간장,1컵
50,설탕,1/2컵
50,청주,4큰술
50,배,1/2개
50,다진대파,4큰술
50,다진마늘,2큰술
50,깨소금,약간
50,참기름,약간
50,후춧가루,약간
50,무,1/2개
49,계란,1개
49,당근,1/2개
49,통마늘,3톨
49,멸치육수,2컵
49,버터,2큰술
49,샐러리,2대
49,쇠고기,50g
49,양파,1/2개
49,밀가루,1/2컵
49,월계수잎,2장
49,돼지고기,400g
49,레드와인,3큰술
49,토마토케찹,5큰술
49,빵가루,3컵
49,식용유,3컵
49,소금,약간
49,후춧가루,약간
48,멸치육수,1/4컵
48,간장,1/4컵
48,마늘,3쪽
48,양파,1/2개
48,상추,약간
48,깻잎,약간
48,생강즙,1작은술
48,월계수잎,3장
48,갈비,1.2kg
48,배즙,4큰술
48,양파즙,2큰술
48,물엿,2큰술
48,설탕,2큰술
48,통깨,약간
48,참기름,약간
48,후춧가루,약간
48,청주,2큰술
48,대파,1/2뿌리
47,대구살,300g
47,후춧가루,조금씩
47,식용유,3컵
47,멸치육수,1컵
47,목이버섯,30g
47,양파,1/2개씩
47,당근,1/2개씩
47,피망,1개
47,파인애플,1쪽
47,식초,2큰술
47,설탕,3큰술
47,계란,1개
47,녹말가루,4큰술
47,청주,1큰술
47,토마토케찹,1큰술
47,마늘,1쪽
47,간장,1작은술
47,소금,조금씩
47,생강즙,1작은술
46,오징어,2마리
46,고추장,2큰술
46,다진대파,2큰술
46,다진마늘,1큰술
46,물엿,1큰술
46,깨소금,1작은술
46,참기름,1/2큰술
46,간장,1큰술
46,설탕,1큰술
46,고춧가루,1/2큰술
46,생강즙,1/2큰술
45,마늘,10통
45,물,15컵
45,간장,1/2컵
45,식초,5컵
45,소금,1/2컵
44,양배추,8장
44,후춧가루,약간
44,밤,8개
44,양파,1/2개
44,멸치육수,1컵
44,녹말가루,1작은술
44,물,1작은술
44,무명실,8개
44,소금,약간
44,간장,1큰술
44,깨소금,1큰술
44,청주,1큰술
44,다진대파,2큰술
44,다진마늘,1큰술
44,참기름,1/2큰술
44,파슬리가루,약간
44,쇠고기,300g
43,다진마늘,약간
43,다진대파,약간
43,콩나물,400g
43,쇠고기,100g
43,표고버섯,4장
43,양파,1/2개
43,당근,1/2개
43,미나리,1단
43,계란,2개
43,소금,약간
43,깨소금,약간
43,참기름,2큰술
43,식용유,2큰술
43,진간장,2큰술
43,설탕,2작은술
43,후춧가루,약간
42,칼국수면,300g
42,팥,3컵
42,설탕,약간
42,소금,약간
42,물,15컵
41,다시마,1장
41,두부,1모
41,표고버섯,5장
41,당근,1/4개
41,고추,2개
41,양념간장,2큰술
41,깨소금,1큰술
41,소금,1작은술
41,참기름,1작은술
41,후춧가루,약간
41,초고추장,2큰술
41,들깨가루,1큰술
40,닭,1마리
40,간장,5큰술
40,고추장,2큰술
40,고춧가루,1과1/2큰술
40,후춧가루,약간
40,마늘,3쪽
40,생강즙,1큰술
40,깨소금,약간
40,대파,1뿌리
39,갈치,1마리
39,무,1/4개
39,감자,1개
39,홍고추,1개
39,대파,1/2뿌리
39,물,약간
39,참기름,약간
39,고추장,1큰술
39,고춧가루,1큰술
39,마늘,2톨
39,생강,1/2개
39,설탕,2큰술
39,깨소금,약간
39,간장,4큰술
38,잔멸치,1컵
38,당근,1/2개
38,청고추,4개
38,청주,약간
38,깨소금,2큰술
38,간장,1큰술
38,설탕,약간
38,식용유,4큰술
37,간장,1큰술
37,소금,약간
37,두부,1모
37,포도씨유,5큰술
37,바질,20장
37,다진양파,1큰술
37,식초,3큰술
37,토마토,2개
36,우엉,400g
36,간장,4큰술
36,물,약간
36,깨소금,1큰술
36,소금,약간
36,물엿,2큰술
35,콩나물,600g
35,다진대파,1큰술
35,다진마늘,1과1/2작은술
35,후춧가루,약간
35,참기름,1큰술
35,실고추,약간
35,소금,약간
35,깨소금,2큰술
34,상추잎,10장
34,두부,1/2모
34,깨소금,1작은술
34,꿀,1작은술
34,파프리카,1/2개
34,레몬즙,1작은술
34,연겨자,약간
34,적양배추,5장
34,당근,1/4개
34,소금,약간
33,부추,1단
33,돼지고기,100g
33,표고버섯,4장
33,대파,1뿌리
33,식용유,약간
33,간장,1큰술
33,청주,1큰술
33,소금,약간
33,생강,1/2쪽
32,죽순,2개
32,표고버섯,8장
32,대파,1뿌리
32,식용유,2큰술
32,물,조금
32,후춧가루,약간
32,다진대파,1큰술
32,다진마늘,1/2큰술
32,참기름,1/2큰술
32,설탕,1/2큰술
32,소금,약간
32,간장,3큰술
31,물,10컵
31,팥,2컵
31,날콩가루,4큰술
31,밀가루,4컵
31,소금,약간
30,마늘,3톨
30,간장,1큰술
30,물엿,1큰술
30,토마토케찹,4큰술
30,설탕,1큰술
30,양파,1개
30,후춧가루,약간
30,식용유,4큰술
30,쇠고기,400g
30,양송이버섯,200g
30,피망,4개
30,소금,약간
29,쇠고기,600g
29,생강즙,1큰술
29,실파,1단
29,느타리버섯,300g
29,마늘,약간
29,후춧가루,약간
29,꼬치,8개
29,참기름,약간
29,깨소금,약간
29,설탕,1큰술
29,꿀,1큰술
29,다진대파,2큰술
29,다진마늘,3큰술
29,배즙,3큰술
29,간장,1큰술
28,도미,300g
28,감자,1개
28,방울토마토,50g
28,바질,10g
28,블랙올리브,40g
28,그린올리브,10g
28,스위트마조람,20g
28,올리브오일,50g
28,화이트와인,50g
28,계란,적량
28,오레가노,20g
28,케이퍼,15g
27,재첩,10컵
27,소금,약간
27,물,4컵
27,부추,20g
26,삶은문어살,80g
26,소스, 
26,꼴뚜기,80g
26,중새우,6개
26,쭈꾸미,4개
26,참소라살,60g
26,모시조개,10개
26,가리비,2개
26,홍합,10개
26,새우,2개
26,양파,60g
26,샐러리,40g
26,당근,40g
26,루콜라,40g
26,치커리,4잎
26,갑오징어,80g
25,오이,2개
25,파,1작은술
25,다진마늘,1작은술
25,간장,3큰술
25,식초,3큰술
25,설탕,1큰술
25,소금,약간
25,고춧가루,약간
25,물,10컵
25,대파,1대
25,홍고추,1개
25,물,4컵
25,깨소금,약간
24,연어,6조각
24,후춧가루,약간
24,레몬즙,40g
24,소금,약간
24,양파,1/2개
24,차이브 생잎,4개
24,올리브오일,60g
24,방울토마토,4개
24,페스토소스,만드는법 참조
24,모듬채소,약간
24,양송이버섯,4개
23,생태,1마리
23,미나리,50g
23,콩나물,50g
23,무,1/4개
23,후춧가루,약간
23,마늘,2쪽
23,쌀뜨물,10컵
23,소금,약간
23,홍고추,1개
22,불린미역,2컵
22,오이,1/2개
22,대파,1/2뿌리
22,다진마늘,1/2작은술
22,물,10컵
22,소금,약간
22,고춧가루,약간
22,간장,2큰술
22,깨소금,약간
21,미역,2컵
21,다진쇠고기,150g
21,마늘,1큰술
21,물,10컵
21,후춧가루,약간
21,국간장,2큰술
21,참기름,2큰술
21,식용유,약간
20,쇠고기,120g
20,무,400g
20,실파,20g
20,마늘,1작은술
20,물,5컵
20,소금,1큰술
20,참기름,약간
20,후춧가루,약간
20,국간장,1큰술
19,두부,1/2모
19,콩나물,50g
19,모시조개,200g
19,북어,30g
19,홍고추,1개
19,후춧가루,약간
19,밀가루,1큰술
19,계란,1개
19,마늘,1큰술
19,소금,약간
19,실파,3뿌리
18,파,1뿌리
18,다진마늘,1큰술
18,고추장,1큰술
18,참기름,1작은술
18,쇠고기,100g
18,소금,조금
18,후춧가루,조금
18,두부,1모
18,진간장,조금
17,다시마,2장
17,오이,1/2개
17,홍고추,1개
17,다진대파,1/2작은술
17,물,5컵
17,소금,약간
17,고춧가루,약간
17,깨소금,약간
17,다진마늘,1/4작은술
16,배추김치,1/2포기
16,참기름,1큰술
16,표고버섯,4장
16,두부,1/2모
16,만두피,40장
16,멸치육수,7컵
16,쇠고기,40g
16,다진대파,1큰술
16,다진마늘,1큰술
16,소금,약간
16,후춧가루,약간
16,깨소금,약간
16,간장,1큰술
16,설탕,1큰술
16,숙주,150g
15,소면,400g
15,돼지고기,100g
15,녹말,1큰술
15,계란,1개
15,오징어,1/2마리
15,새우,100g
15,소금,약간
15,표고버섯,2개
15,죽순,2개
15,파,약간
15,다진마늘,약간
15,멸치육수,8컵
15,청주,약간
15,홍합,100g
14,소면,200g
14,표고버섯,3장
14,오이,1/2개
14,계란,1개
14,깻잎,15장
14,쇠고기,100g
14,양념장,적당량
14,상추,6장
14,부추,1/3단
13,열무,1/2단
13,찹쌀가루,2큰술
13,냉면,500g
13,홍고추,1개
13,청고추,1개
13,대파,약간
13,물,1컵
13,다진생강,1/2작은술
13,고춧가루,4큰술
13,식초,4큰술
13,설탕,4큰술
13,겨자,약간
13,다진마늘,1작은술
12,설탕,1/4작은술
12,통후추,약간
12,소면,400g
12,쇠고기,100g
12,동치미무,1/4개
12,간장,1큰술
12,홍고추,1개
12,소금,약간
12,깨소금,약간
12,참기름,1/2큰술
12,동치미국물,8컵
12,계란,1개
11,냉면,400g
11,쇠고기,300g
11,동치미국물,1개
11,오이,1개
11,배,1개
11,동치미무,1개
11,식초,2큰술
11,설탕,1큰술
11,소금,약간
11,사골육수,4컵
11,계란,2개
10,밀가루,4컵
10,감자,2개
10,애호박,1/2개
10,멸치,10마리
10,실파,2뿌리
10,소금,약간
10,물,1컵
10,양념장,적당량
10,국간장,약간
10,참기름,약간
10,홍고추,1개
9,계란,3개
9,양파,1/4개
9,물,3컵
9,당근,1/3개
9,쌈장,3큰술
9,후춧가루,약간
9,다시마,1장
9,밥,2공기
9,청피망,1/2개
9,홍피망,1/2개
9,오이,1/3개
9,전분,약간
9,멸치,한 줌
9,소금,약간
8,쇠고기,200g
8,감자,2개
8,양파,1개
8,당근,1/2개
8,통후추,약간
8,카레,70g
8,우유,1/2컵
8,밥,4공기
8,소금,약간
8,완두콩,4큰술
7,쌀,1컵
7,흑임자,1/2컵
7,설탕,약간
7,소금,약간
7,물,6컵
6,물,10컵
6,설탕,약간
6,찹쌀,2컵
6,청동호박,1/2개
6,팥,1컵
6,소금,약간
5,찹쌀,3컵
5,흑설탕,1컵
5,계피가루,1/2큰술
5,깐밤,200g
5,대추,50g
5,물,4컵
5,물엿,적당량
5,카놀라유,3큰술
5,백설탕,1컵
5,간장,1/3컵
5,잣,1큰술
4,쌀,2컵
4,콩나물,300g
4,쇠고기,100g
4,파,1/2개
4,마늘,2쪽
4,통후추,약간
4,깨소금,1큰술
4,고춧가루,조금
4,진간장,4큰술
4,소금,약간
4,참기름,1큰술
3,당면,50g
3,통후추,약간
3,표고버섯,2장
3,호박,1/4개
3,당근,1/2개
3,부추,30g
3,청고추,약간
3,홍고추,약간
3,다진대파,2큰술
3,다진마늘,1큰술
3,진간장,4큰술
3,참기름,1큰술
3,소금,약간
3,밥,3공기
3,돼지고기,100g
2,멥쌀,1컵
2,찹쌀,2컵
2,수수,1컵
2,소금,약간
2,콩,1/2컵
2,팥,1/2컵
2,차조,1컵
1,쌀,4컵
1,양지머리,100g
1,콩나물,20g
1,청포묵,1/2모
1,미나리,20g
1,소금,약간
1,국간장,약간
1,다진대파,약간
1,다진마늘,약간
1,참기름,약간
1,고추장,1/2큰술
1,설탕,약간
1,숙주나물,20g
1,도라지,20g
1,고사리,20g
1,계란,1개
1,안심,200g
383,물,2큰술
